Interval.Time,Interval.Value
2019-11-01 00:00:00,0.0
2019-11-01 01:00:00,0.0
2019-11-01 02:00:00,0.0
2019-11-01 03:00:00,0.0
2019-11-01 04:00:00,0.0
2019-11-01 05:00:00,0.0
2019-11-01 06:00:00,0.0
2019-11-01 07:00:00,0.0
2019-11-01 08:00:00,0.0
2019-11-01 09:00:00,0.0
2019-11-01 10:00:00,0.0
2019-11-01 11:00:00,0.0
2019-11-01 12:00:00,0.0
2019-11-01 13:00:00,0.0
2019-11-01 14:00:00,0.0
2019-11-01 15:00:00,0.0
2019-11-01 16:00:00,0.0
2019-11-01 17:00:00,0.0
2019-11-01 18:00:00,0.0
2019-11-01 19:00:00,0.0
2019-11-01 20:00:00,0.0
2019-11-01 21:00:00,0.0
2019-11-01 22:00:00,0.0
2019-11-01 23:00:00,0.0
2019-11-02 00:00:00,0.0
2019-11-02 01:00:00,0.0
2019-11-02 02:00:00,0.0
2019-11-02 03:00:00,0.0
2019-11-02 04:00:00,0.0
2019-11-02 05:00:00,0.0
2019-11-02 06:00:00,0.0
2019-11-02 07:00:00,0.0
2019-11-02 08:00:00,0.0
2019-11-02 09:00:00,0.0
2019-11-02 10:00:00,0.0
2019-11-02 11:00:00,0.0
2019-11-02 12:00:00,0.0
2019-11-02 13:00:00,0.0
2019-11-02 14:00:00,0.0
2019-11-02 15:00:00,0.0
2019-11-02 16:00:00,0.0
2019-11-02 17:00:00,0.0
2019-11-02 18:00:00,0.0
2019-11-02 19:00:00,0.0
2019-11-02 20:00:00,0.0
2019-11-02 21:00:00,0.0
2019-11-02 22:00:00,0.0
2019-11-02 23:00:00,0.0
2019-11-03 00:00:00,0.0
2019-11-03 01:00:00,0.0
2019-11-03 02:00:00,0.0
2019-11-03 03:00:00,0.0
2019-11-03 04:00:00,0.0
2019-11-03 05:00:00,0.0
2019-11-03 06:00:00,0.0
2019-11-03 07:00:00,0.0
2019-11-03 08:00:00,0.0
2019-11-03 09:00:00,0.0
2019-11-03 10:00:00,0.0
2019-11-03 11:00:00,0.0
2019-11-03 12:00:00,0.0
2019-11-03 13:00:00,0.0
2019-11-03 14:00:00,0.0
2019-11-03 15:00:00,0.0
2019-11-03 16:00:00,0.0
2019-11-03 17:00:00,0.0
2019-11-03 18:00:00,0.0
2019-11-03 19:00:00,0.0
2019-11-03 20:00:00,0.0
2019-11-03 21:00:00,0.0
2019-11-03 22:00:00,0.0
2019-11-03 23:00:00,0.0
2019-11-04 00:00:00,0.0
2019-11-04 01:00:00,0.0
2019-11-04 02:00:00,0.0
2019-11-04 03:00:00,0.0
2019-11-04 04:00:00,0.0
2019-11-04 05:00:00,0.0
2019-11-04 06:00:00,0.0
2019-11-04 07:00:00,0.0
2019-11-04 08:00:00,0.0
2019-11-04 09:00:00,0.0
2019-11-04 10:00:00,0.0
2019-11-04 11:00:00,0.0
2019-11-04 12:00:00,0.0
2019-11-04 13:00:00,0.0
2019-11-04 14:00:00,0.0
2019-11-04 15:00:00,0.0
2019-11-04 16:00:00,0.0
2019-11-04 17:00:00,0.0
2019-11-04 18:00:00,0.0
2019-11-04 19:00:00,0.0
2019-11-04 20:00:00,0.0
2019-11-04 21:00:00,0.0
2019-11-04 22:00:00,0.0
2019-11-04 23:00:00,0.0
2019-11-05 00:00:00,0.0
2019-11-05 01:00:00,0.0
2019-11-05 02:00:00,0.0
2019-11-05 03:00:00,0.0
2019-11-05 04:00:00,0.0
2019-11-05 05:00:00,0.0
2019-11-05 06:00:00,0.0
2019-11-05 07:00:00,0.0
2019-11-05 08:00:00,0.0
2019-11-05 09:00:00,0.0
2019-11-05 10:00:00,0.0
2019-11-05 11:00:00,0.0
2019-11-05 12:00:00,0.0
2019-11-05 13:00:00,0.0
2019-11-05 14:00:00,0.0
2019-11-05 15:00:00,0.0
2019-11-05 16:00:00,0.0
2019-11-05 17:00:00,0.0
2019-11-05 18:00:00,0.0
2019-11-05 19:00:00,0.0
2019-11-05 20:00:00,0.0
2019-11-05 21:00:00,0.0
2019-11-05 22:00:00,0.0
2019-11-05 23:00:00,0.0
2019-11-06 00:00:00,0.0
2019-11-06 01:00:00,0.0
2019-11-06 02:00:00,0.0
2019-11-06 03:00:00,0.0
2019-11-06 04:00:00,0.0
2019-11-06 05:00:00,0.0
2019-11-06 06:00:00,0.0
2019-11-06 07:00:00,0.0
2019-11-06 08:00:00,0.0
2019-11-06 09:00:00,0.0
2019-11-06 10:00:00,0.0
2019-11-06 11:00:00,0.0
2019-11-06 12:00:00,0.0
2019-11-06 13:00:00,0.0
2019-11-06 14:00:00,0.0
2019-11-06 15:00:00,0.0
2019-11-06 16:00:00,0.0
2019-11-06 17:00:00,0.0
2019-11-06 18:00:00,0.0
2019-11-06 19:00:00,0.0
2019-11-06 20:00:00,0.0
2019-11-06 21:00:00,0.0
2019-11-06 22:00:00,0.0
2019-11-06 23:00:00,0.0
2019-11-07 00:00:00,
2019-11-07 01:00:00,
2019-11-07 02:00:00,
2019-11-07 03:00:00,
2019-11-07 04:00:00,
2019-11-07 05:00:00,
2019-11-07 06:00:00,
2019-11-07 07:00:00,
2019-11-07 08:00:00,
2019-11-07 09:00:00,
2019-11-07 10:00:00,
2019-11-07 11:00:00,
2019-11-07 12:00:00,
2019-11-07 13:00:00,
2019-11-07 14:00:00,
2019-11-07 15:00:00,
2019-11-07 16:00:00,
2019-11-07 17:00:00,
2019-11-07 18:00:00,
2019-11-07 19:00:00,
2019-11-07 20:00:00,
2019-11-07 21:00:00,
2019-11-07 22:00:00,
2019-11-07 23:00:00,
2019-11-08 00:00:00,0.0
2019-11-08 01:00:00,0.0
2019-11-08 02:00:00,0.0
2019-11-08 03:00:00,0.0
2019-11-08 04:00:00,0.0
2019-11-08 05:00:00,0.0
2019-11-08 06:00:00,0.0
2019-11-08 07:00:00,0.0
2019-11-08 08:00:00,0.0
2019-11-08 09:00:00,0.0
2019-11-08 10:00:00,0.0
2019-11-08 11:00:00,0.0
2019-11-08 12:00:00,0.0
2019-11-08 13:00:00,0.0
2019-11-08 14:00:00,0.0
2019-11-08 15:00:00,0.0
2019-11-08 16:00:00,0.0
2019-11-08 17:00:00,0.0
2019-11-08 18:00:00,0.0
2019-11-08 19:00:00,0.0
2019-11-08 20:00:00,0.0
2019-11-08 21:00:00,0.0
2019-11-08 22:00:00,0.0
2019-11-08 23:00:00,0.0
2019-11-09 00:00:00,0.0
2019-11-09 01:00:00,0.0
2019-11-09 02:00:00,0.0
2019-11-09 03:00:00,0.0
2019-11-09 04:00:00,0.0
2019-11-09 05:00:00,0.0
2019-11-09 06:00:00,0.0
2019-11-09 07:00:00,0.0
2019-11-09 08:00:00,0.0
2019-11-09 09:00:00,0.0
2019-11-09 10:00:00,0.0
2019-11-09 11:00:00,0.0
2019-11-09 12:00:00,0.0
2019-11-09 13:00:00,0.0
2019-11-09 14:00:00,0.0
2019-11-09 15:00:00,0.0
2019-11-09 16:00:00,0.0
2019-11-09 17:00:00,0.0
2019-11-09 18:00:00,0.0
2019-11-09 19:00:00,0.0
2019-11-09 20:00:00,0.0
2019-11-09 21:00:00,0.0
2019-11-09 22:00:00,0.0
2019-11-09 23:00:00,0.0
2019-11-10 00:00:00,0.0
2019-11-10 01:00:00,0.0
2019-11-10 02:00:00,0.0
2019-11-10 03:00:00,0.0
2019-11-10 04:00:00,0.0
2019-11-10 05:00:00,0.0
2019-11-10 06:00:00,0.0
2019-11-10 07:00:00,0.0
2019-11-10 08:00:00,0.0
2019-11-10 09:00:00,0.0
2019-11-10 10:00:00,0.0
2019-11-10 11:00:00,0.0
2019-11-10 12:00:00,0.0
2019-11-10 13:00:00,0.0
2019-11-10 14:00:00,0.0
2019-11-10 15:00:00,0.0
2019-11-10 16:00:00,0.0
2019-11-10 17:00:00,0.0
2019-11-10 18:00:00,0.0
2019-11-10 19:00:00,0.0
2019-11-10 20:00:00,0.0
2019-11-10 21:00:00,0.0
2019-11-10 22:00:00,0.0
2019-11-10 23:00:00,0.0
2019-11-11 00:00:00,0.0
2019-11-11 01:00:00,0.0
2019-11-11 02:00:00,0.0
2019-11-11 03:00:00,0.0
2019-11-11 04:00:00,0.0
2019-11-11 05:00:00,0.0
2019-11-11 06:00:00,0.0
2019-11-11 07:00:00,0.0
2019-11-11 08:00:00,0.0
2019-11-11 09:00:00,0.0
2019-11-11 10:00:00,0.0
2019-11-11 11:00:00,0.0
2019-11-11 12:00:00,0.0
2019-11-11 13:00:00,0.0
2019-11-11 14:00:00,0.0
2019-11-11 15:00:00,0.0
2019-11-11 16:00:00,0.0
2019-11-11 17:00:00,0.0
2019-11-11 18:00:00,0.0
2019-11-11 19:00:00,0.0
2019-11-11 20:00:00,0.0
2019-11-11 21:00:00,0.0
2019-11-11 22:00:00,0.0
2019-11-11 23:00:00,0.0
2019-11-12 00:00:00,0.0
2019-11-12 01:00:00,0.0
2019-11-12 02:00:00,0.0
2019-11-12 03:00:00,0.0
2019-11-12 04:00:00,0.0
2019-11-12 05:00:00,0.0
2019-11-12 06:00:00,0.0
2019-11-12 07:00:00,0.0
2019-11-12 08:00:00,0.0
2019-11-12 09:00:00,0.0
2019-11-12 10:00:00,0.0
2019-11-12 11:00:00,0.0
2019-11-12 12:00:00,0.0
2019-11-12 13:00:00,0.0
2019-11-12 14:00:00,0.0
2019-11-12 15:00:00,0.0
2019-11-12 16:00:00,0.0
2019-11-12 17:00:00,0.0
2019-11-12 18:00:00,0.0
2019-11-12 19:00:00,0.0
2019-11-12 20:00:00,0.0
2019-11-12 21:00:00,0.0
2019-11-12 22:00:00,0.0
2019-11-12 23:00:00,0.0
2019-11-13 00:00:00,0.0
2019-11-13 01:00:00,0.0
2019-11-13 02:00:00,0.0
2019-11-13 03:00:00,0.0
2019-11-13 04:00:00,0.0
2019-11-13 05:00:00,0.0
2019-11-13 06:00:00,0.0
2019-11-13 07:00:00,0.0
2019-11-13 08:00:00,0.0
2019-11-13 09:00:00,0.0
2019-11-13 10:00:00,0.0
2019-11-13 11:00:00,0.0
2019-11-13 12:00:00,0.0
2019-11-13 13:00:00,0.0
2019-11-13 14:00:00,0.0
2019-11-13 15:00:00,0.0
2019-11-13 16:00:00,0.0
2019-11-13 17:00:00,0.0
2019-11-13 18:00:00,0.0
2019-11-13 19:00:00,0.0
2019-11-13 20:00:00,0.0
2019-11-13 21:00:00,0.0
2019-11-13 22:00:00,0.0
2019-11-13 23:00:00,0.0
2019-11-14 00:00:00,0.0
2019-11-14 01:00:00,0.0
2019-11-14 02:00:00,0.0
2019-11-14 03:00:00,0.0
2019-11-14 04:00:00,0.0
2019-11-14 05:00:00,0.0
2019-11-14 06:00:00,0.0
2019-11-14 07:00:00,0.0
2019-11-14 08:00:00,0.0
2019-11-14 09:00:00,0.0
2019-11-14 10:00:00,0.0
2019-11-14 11:00:00,0.0
2019-11-14 12:00:00,0.0
2019-11-14 13:00:00,0.0
2019-11-14 14:00:00,0.0
2019-11-14 15:00:00,0.0
2019-11-14 16:00:00,0.0
2019-11-14 17:00:00,0.0
2019-11-14 18:00:00,0.0
2019-11-14 19:00:00,0.0
2019-11-14 20:00:00,0.0
2019-11-14 21:00:00,0.0
2019-11-14 22:00:00,0.0
2019-11-14 23:00:00,0.0
2019-11-15 00:00:00,0.0
2019-11-15 01:00:00,0.0
2019-11-15 02:00:00,0.0
2019-11-15 03:00:00,0.0
2019-11-15 04:00:00,0.0
2019-11-15 05:00:00,0.0
2019-11-15 06:00:00,0.0
2019-11-15 07:00:00,0.0
2019-11-15 08:00:00,0.0
2019-11-15 09:00:00,0.0
2019-11-15 10:00:00,0.0
2019-11-15 11:00:00,0.0
2019-11-15 12:00:00,0.0
2019-11-15 13:00:00,0.0
2019-11-15 14:00:00,0.0
2019-11-15 15:00:00,0.0
2019-11-15 16:00:00,0.0
2019-11-15 17:00:00,0.0
2019-11-15 18:00:00,0.0
2019-11-15 19:00:00,0.0
2019-11-15 20:00:00,0.0
2019-11-15 21:00:00,0.0
2019-11-15 22:00:00,0.0
2019-11-15 23:00:00,0.0
2019-11-16 00:00:00,0.0
2019-11-16 01:00:00,0.0
2019-11-16 02:00:00,0.0
2019-11-16 03:00:00,0.0
2019-11-16 04:00:00,0.0
2019-11-16 05:00:00,0.0
2019-11-16 06:00:00,0.0
2019-11-16 07:00:00,0.0
2019-11-16 08:00:00,0.0
2019-11-16 09:00:00,0.0
2019-11-16 10:00:00,0.0
2019-11-16 11:00:00,0.0
2019-11-16 12:00:00,0.0
2019-11-16 13:00:00,0.0
2019-11-16 14:00:00,0.0
2019-11-16 15:00:00,0.0
2019-11-16 16:00:00,0.0
2019-11-16 17:00:00,0.0
2019-11-16 18:00:00,0.0
2019-11-16 19:00:00,0.0
2019-11-16 20:00:00,0.0
2019-11-16 21:00:00,0.0
2019-11-16 22:00:00,0.0
2019-11-16 23:00:00,0.0
2019-11-17 00:00:00,
2019-11-17 01:00:00,
2019-11-17 02:00:00,
2019-11-17 03:00:00,
2019-11-17 04:00:00,
2019-11-17 05:00:00,
2019-11-17 06:00:00,
2019-11-17 07:00:00,
2019-11-17 08:00:00,
2019-11-17 09:00:00,
2019-11-17 10:00:00,
2019-11-17 11:00:00,
2019-11-17 12:00:00,
2019-11-17 13:00:00,
2019-11-17 14:00:00,
2019-11-17 15:00:00,
2019-11-17 16:00:00,
2019-11-17 17:00:00,
2019-11-17 18:00:00,
2019-11-17 19:00:00,
2019-11-17 20:00:00,
2019-11-17 21:00:00,
2019-11-17 22:00:00,
2019-11-17 23:00:00,
2019-11-18 00:00:00,0.0
2019-11-18 01:00:00,0.0
2019-11-18 02:00:00,0.0
2019-11-18 03:00:00,0.0
2019-11-18 04:00:00,0.0
2019-11-18 05:00:00,0.0
2019-11-18 06:00:00,0.0
2019-11-18 07:00:00,0.0
2019-11-18 08:00:00,0.0
2019-11-18 09:00:00,0.0
2019-11-18 10:00:00,0.0
2019-11-18 11:00:00,0.0
2019-11-18 12:00:00,0.0
2019-11-18 13:00:00,0.0
2019-11-18 14:00:00,0.0
2019-11-18 15:00:00,0.0
2019-11-18 16:00:00,0.0
2019-11-18 17:00:00,0.0
2019-11-18 18:00:00,0.0
2019-11-18 19:00:00,0.0
2019-11-18 20:00:00,0.0
2019-11-18 21:00:00,0.0
2019-11-18 22:00:00,0.0
2019-11-18 23:00:00,0.0
2019-11-19 00:00:00,0.0
2019-11-19 01:00:00,0.0
2019-11-19 02:00:00,0.0
2019-11-19 03:00:00,0.0
2019-11-19 04:00:00,0.0
2019-11-19 05:00:00,0.0
2019-11-19 06:00:00,0.0
2019-11-19 07:00:00,0.0
2019-11-19 08:00:00,0.0
2019-11-19 09:00:00,0.0
2019-11-19 10:00:00,0.0
2019-11-19 11:00:00,0.0
2019-11-19 12:00:00,0.0
2019-11-19 13:00:00,0.0
2019-11-19 14:00:00,0.0
2019-11-19 15:00:00,0.0
2019-11-19 16:00:00,0.0
2019-11-19 17:00:00,0.0
2019-11-19 18:00:00,0.0
2019-11-19 19:00:00,0.0
2019-11-19 20:00:00,0.0
2019-11-19 21:00:00,0.0
2019-11-19 22:00:00,0.0
2019-11-19 23:00:00,0.0
2019-11-20 00:00:00,0.0
2019-11-20 01:00:00,0.0
2019-11-20 02:00:00,0.0
2019-11-20 03:00:00,0.0
2019-11-20 04:00:00,0.0
2019-11-20 05:00:00,0.0
2019-11-20 06:00:00,0.0
2019-11-20 07:00:00,0.0
2019-11-20 08:00:00,0.0
2019-11-20 09:00:00,0.0
2019-11-20 10:00:00,0.0
2019-11-20 11:00:00,0.0
2019-11-20 12:00:00,0.0
2019-11-20 13:00:00,0.0
2019-11-20 14:00:00,0.0
2019-11-20 15:00:00,0.0
2019-11-20 16:00:00,0.0
2019-11-20 17:00:00,0.0
2019-11-20 18:00:00,0.0
2019-11-20 19:00:00,0.0
2019-11-20 20:00:00,0.0
2019-11-20 21:00:00,0.0
2019-11-20 22:00:00,0.0
2019-11-20 23:00:00,0.0
2019-11-21 00:00:00,0.0
2019-11-21 01:00:00,0.0
2019-11-21 02:00:00,0.0
2019-11-21 03:00:00,0.0
2019-11-21 04:00:00,0.0
2019-11-21 05:00:00,0.0
2019-11-21 06:00:00,0.0
2019-11-21 07:00:00,0.0
2019-11-21 08:00:00,0.0
2019-11-21 09:00:00,0.0
2019-11-21 10:00:00,0.0
2019-11-21 11:00:00,0.0
2019-11-21 12:00:00,0.0
2019-11-21 13:00:00,0.0
2019-11-21 14:00:00,0.0
2019-11-21 15:00:00,0.0
2019-11-21 16:00:00,0.0
2019-11-21 17:00:00,0.0
2019-11-21 18:00:00,0.0
2019-11-21 19:00:00,0.0
2019-11-21 20:00:00,0.0
2019-11-21 21:00:00,0.0
2019-11-21 22:00:00,0.0
2019-11-21 23:00:00,0.0
2019-11-22 00:00:00,0.0
2019-11-22 01:00:00,0.0
2019-11-22 02:00:00,0.0
2019-11-22 03:00:00,0.0
2019-11-22 04:00:00,0.0
2019-11-22 05:00:00,0.0
2019-11-22 06:00:00,0.0
2019-11-22 07:00:00,0.0
2019-11-22 08:00:00,0.0
2019-11-22 09:00:00,0.0
2019-11-22 10:00:00,0.0
2019-11-22 11:00:00,0.0
2019-11-22 12:00:00,0.0
2019-11-22 13:00:00,0.0
2019-11-22 14:00:00,0.0
2019-11-22 15:00:00,0.0
2019-11-22 16:00:00,0.0
2019-11-22 17:00:00,0.0
2019-11-22 18:00:00,0.0
2019-11-22 19:00:00,0.0
2019-11-22 20:00:00,0.0
2019-11-22 21:00:00,0.0
2019-11-22 22:00:00,0.0
2019-11-22 23:00:00,0.0
2019-11-23 00:00:00,0.0
2019-11-23 01:00:00,0.0
2019-11-23 02:00:00,0.0
2019-11-23 03:00:00,0.0
2019-11-23 04:00:00,0.0
2019-11-23 05:00:00,0.0
2019-11-23 06:00:00,0.0
2019-11-23 07:00:00,0.0
2019-11-23 08:00:00,0.0
2019-11-23 09:00:00,0.0
2019-11-23 10:00:00,0.0
2019-11-23 11:00:00,0.0
2019-11-23 12:00:00,0.0
2019-11-23 13:00:00,0.0
2019-11-23 14:00:00,0.0
2019-11-23 15:00:00,0.0
2019-11-23 16:00:00,0.0
2019-11-23 17:00:00,0.0
2019-11-23 18:00:00,0.0
2019-11-23 19:00:00,0.0
2019-11-23 20:00:00,0.0
2019-11-23 21:00:00,0.0
2019-11-23 22:00:00,0.0
2019-11-23 23:00:00,0.0
2019-11-24 00:00:00,0.0
2019-11-24 01:00:00,0.0
2019-11-24 02:00:00,0.0
2019-11-24 03:00:00,0.0
2019-11-24 04:00:00,0.0
2019-11-24 05:00:00,0.0
2019-11-24 06:00:00,0.0
2019-11-24 07:00:00,0.0
2019-11-24 08:00:00,0.0
2019-11-24 09:00:00,0.0
2019-11-24 10:00:00,0.0
2019-11-24 11:00:00,0.0
2019-11-24 12:00:00,0.0
2019-11-24 13:00:00,0.0
2019-11-24 14:00:00,0.0
2019-11-24 15:00:00,0.0
2019-11-24 16:00:00,0.0
2019-11-24 17:00:00,0.0
2019-11-24 18:00:00,0.0
2019-11-24 19:00:00,0.0
2019-11-24 20:00:00,0.0
2019-11-24 21:00:00,0.0
2019-11-24 22:00:00,0.0
2019-11-24 23:00:00,0.0
2019-11-25 00:00:00,0.0
2019-11-25 01:00:00,0.0
2019-11-25 02:00:00,0.0
2019-11-25 03:00:00,0.0
2019-11-25 04:00:00,0.0
2019-11-25 05:00:00,0.0
2019-11-25 06:00:00,0.0
2019-11-25 07:00:00,0.0
2019-11-25 08:00:00,0.0
2019-11-25 09:00:00,0.0
2019-11-25 10:00:00,0.0
2019-11-25 11:00:00,0.0
2019-11-25 12:00:00,0.0
2019-11-25 13:00:00,0.0
2019-11-25 14:00:00,0.0
2019-11-25 15:00:00,0.0
2019-11-25 16:00:00,0.0
2019-11-25 17:00:00,0.0
2019-11-25 18:00:00,0.0
2019-11-25 19:00:00,0.0
2019-11-25 20:00:00,0.0
2019-11-25 21:00:00,0.0
2019-11-25 22:00:00,0.0
2019-11-25 23:00:00,0.0
2019-11-26 00:00:00,0.0
2019-11-26 01:00:00,0.0
2019-11-26 02:00:00,0.0
2019-11-26 03:00:00,0.0
2019-11-26 04:00:00,0.0
2019-11-26 05:00:00,0.0
2019-11-26 06:00:00,0.0
2019-11-26 07:00:00,0.0
2019-11-26 08:00:00,0.0
2019-11-26 09:00:00,0.0
2019-11-26 10:00:00,0.0
2019-11-26 11:00:00,0.0
2019-11-26 12:00:00,0.0
2019-11-26 13:00:00,0.0
2019-11-26 14:00:00,0.0
2019-11-26 15:00:00,0.0
2019-11-26 16:00:00,0.0
2019-11-26 17:00:00,0.0
2019-11-26 18:00:00,0.0
2019-11-26 19:00:00,0.0
2019-11-26 20:00:00,0.0
2019-11-26 21:00:00,0.0
2019-11-26 22:00:00,0.0
2019-11-26 23:00:00,0.0
2019-11-27 00:00:00,0.0
2019-11-27 01:00:00,0.0
2019-11-27 02:00:00,0.0
2019-11-27 03:00:00,0.0
2019-11-27 04:00:00,0.0
2019-11-27 05:00:00,0.0
2019-11-27 06:00:00,0.0
2019-11-27 07:00:00,0.0
2019-11-27 08:00:00,0.0
2019-11-27 09:00:00,0.0
2019-11-27 10:00:00,0.0
2019-11-27 11:00:00,0.0
2019-11-27 12:00:00,0.0
2019-11-27 13:00:00,0.0
2019-11-27 14:00:00,0.0
2019-11-27 15:00:00,0.0
2019-11-27 16:00:00,0.0
2019-11-27 17:00:00,0.0
2019-11-27 18:00:00,0.0
2019-11-27 19:00:00,0.0
2019-11-27 20:00:00,0.0
2019-11-27 21:00:00,0.0
2019-11-27 22:00:00,0.0
2019-11-27 23:00:00,0.0
2019-11-28 00:00:00,0.0
2019-11-28 01:00:00,0.0
2019-11-28 02:00:00,0.0
2019-11-28 03:00:00,0.0
2019-11-28 04:00:00,0.0
2019-11-28 05:00:00,0.0
2019-11-28 06:00:00,0.0
2019-11-28 07:00:00,0.0
2019-11-28 08:00:00,0.0
2019-11-28 09:00:00,0.0
2019-11-28 10:00:00,0.0
2019-11-28 11:00:00,0.0
2019-11-28 12:00:00,0.0
2019-11-28 13:00:00,0.0
2019-11-28 14:00:00,0.0
2019-11-28 15:00:00,0.0
2019-11-28 16:00:00,0.0
2019-11-28 17:00:00,0.0
2019-11-28 18:00:00,0.0
2019-11-28 19:00:00,0.0
2019-11-28 20:00:00,0.0
2019-11-28 21:00:00,0.0
2019-11-28 22:00:00,0.0
2019-11-28 23:00:00,0.0
2019-11-29 00:00:00,0.0
2019-11-29 01:00:00,0.0
2019-11-29 02:00:00,0.0
2019-11-29 03:00:00,0.0
2019-11-29 04:00:00,0.0
2019-11-29 05:00:00,0.0
2019-11-29 06:00:00,0.0
2019-11-29 07:00:00,0.0
2019-11-29 08:00:00,0.0
2019-11-29 09:00:00,0.0
2019-11-29 10:00:00,0.0
2019-11-29 11:00:00,0.0
2019-11-29 12:00:00,0.0
2019-11-29 13:00:00,0.0
2019-11-29 14:00:00,0.0
2019-11-29 15:00:00,0.0
2019-11-29 16:00:00,0.0
2019-11-29 17:00:00,0.0
2019-11-29 18:00:00,0.0
2019-11-29 19:00:00,0.0
2019-11-29 20:00:00,0.0
2019-11-29 21:00:00,0.0
2019-11-29 22:00:00,0.0
2019-11-29 23:00:00,0.0
2019-11-30 00:00:00,0.0
2019-11-30 01:00:00,0.0
2019-11-30 02:00:00,0.0
2019-11-30 03:00:00,0.0
2019-11-30 04:00:00,0.0
2019-11-30 05:00:00,0.0
2019-11-30 06:00:00,0.0
2019-11-30 07:00:00,0.0
2019-11-30 08:00:00,0.0
2019-11-30 09:00:00,0.0
2019-11-30 10:00:00,0.0
2019-11-30 11:00:00,0.0
2019-11-30 12:00:00,0.0
2019-11-30 13:00:00,0.0
2019-11-30 14:00:00,0.0
2019-11-30 15:00:00,0.0
2019-11-30 16:00:00,0.0
2019-11-30 17:00:00,0.0
2019-11-30 18:00:00,0.0
2019-11-30 19:00:00,0.0
2019-11-30 20:00:00,0.0
2019-11-30 21:00:00,0.0
2019-11-30 22:00:00,0.0
2019-11-30 23:00:00,0.0
2019-12-01 00:00:00,0.0
2019-12-01 01:00:00,0.0
2019-12-01 02:00:00,0.0
2019-12-01 03:00:00,0.0
2019-12-01 04:00:00,0.0
2019-12-01 05:00:00,0.0
2019-12-01 06:00:00,0.0
2019-12-01 07:00:00,0.0
2019-12-01 08:00:00,0.0
2019-12-01 09:00:00,0.0
2019-12-01 10:00:00,0.0
2019-12-01 11:00:00,0.0
2019-12-01 12:00:00,0.0
2019-12-01 13:00:00,0.0
2019-12-01 14:00:00,0.0
2019-12-01 15:00:00,0.0
2019-12-01 16:00:00,0.0
2019-12-01 17:00:00,0.0
2019-12-01 18:00:00,0.0
2019-12-01 19:00:00,0.0
2019-12-01 20:00:00,0.0
2019-12-01 21:00:00,0.0
2019-12-01 22:00:00,0.0
2019-12-01 23:00:00,0.0
2019-12-02 00:00:00,0.0
2019-12-02 01:00:00,0.0
2019-12-02 02:00:00,0.0
2019-12-02 03:00:00,0.0
2019-12-02 04:00:00,0.0
2019-12-02 05:00:00,0.0
2019-12-02 06:00:00,0.0
2019-12-02 07:00:00,0.0
2019-12-02 08:00:00,0.0
2019-12-02 09:00:00,0.0
2019-12-02 10:00:00,0.0
2019-12-02 11:00:00,0.0
2019-12-02 12:00:00,0.0
2019-12-02 13:00:00,0.0
2019-12-02 14:00:00,0.0
2019-12-02 15:00:00,0.0
2019-12-02 16:00:00,0.0
2019-12-02 17:00:00,0.0
2019-12-02 18:00:00,0.0
2019-12-02 19:00:00,0.0
2019-12-02 20:00:00,0.0
2019-12-02 21:00:00,0.0
2019-12-02 22:00:00,0.0
2019-12-02 23:00:00,0.0
2019-12-03 00:00:00,0.0
2019-12-03 01:00:00,0.0
2019-12-03 02:00:00,0.0
2019-12-03 03:00:00,0.0
2019-12-03 04:00:00,0.0
2019-12-03 05:00:00,0.0
2019-12-03 06:00:00,0.0
2019-12-03 07:00:00,0.0
2019-12-03 08:00:00,0.0
2019-12-03 09:00:00,0.0
2019-12-03 10:00:00,0.0
2019-12-03 11:00:00,0.0
2019-12-03 12:00:00,0.0
2019-12-03 13:00:00,0.0
2019-12-03 14:00:00,0.0
2019-12-03 15:00:00,0.0
2019-12-03 16:00:00,0.0
2019-12-03 17:00:00,0.0
2019-12-03 18:00:00,0.0
2019-12-03 19:00:00,0.0
2019-12-03 20:00:00,0.0
2019-12-03 21:00:00,0.0
2019-12-03 22:00:00,0.0
2019-12-03 23:00:00,0.0
2019-12-04 00:00:00,0.0
2019-12-04 01:00:00,0.0
2019-12-04 02:00:00,0.0
2019-12-04 03:00:00,0.0
2019-12-04 04:00:00,0.0
2019-12-04 05:00:00,0.0
2019-12-04 06:00:00,0.0
2019-12-04 07:00:00,0.0
2019-12-04 08:00:00,0.0
2019-12-04 09:00:00,0.0
2019-12-04 10:00:00,0.0
2019-12-04 11:00:00,0.0
2019-12-04 12:00:00,0.0
2019-12-04 13:00:00,0.0
2019-12-04 14:00:00,0.0
2019-12-04 15:00:00,0.0
2019-12-04 16:00:00,0.0
2019-12-04 17:00:00,0.0
2019-12-04 18:00:00,0.0
2019-12-04 19:00:00,0.0
2019-12-04 20:00:00,0.0
2019-12-04 21:00:00,0.0
2019-12-04 22:00:00,0.0
2019-12-04 23:00:00,0.0
2019-12-05 00:00:00,0.0
2019-12-05 01:00:00,0.0
2019-12-05 02:00:00,0.0
2019-12-05 03:00:00,0.0
2019-12-05 04:00:00,0.0
2019-12-05 05:00:00,0.0
2019-12-05 06:00:00,0.0
2019-12-05 07:00:00,0.0
2019-12-05 08:00:00,0.0
2019-12-05 09:00:00,0.0
2019-12-05 10:00:00,0.0
2019-12-05 11:00:00,0.0
2019-12-05 12:00:00,0.0
2019-12-05 13:00:00,0.0
2019-12-05 14:00:00,0.0
2019-12-05 15:00:00,0.0
2019-12-05 16:00:00,0.0
2019-12-05 17:00:00,0.0
2019-12-05 18:00:00,0.0
2019-12-05 19:00:00,0.0
2019-12-05 20:00:00,0.0
2019-12-05 21:00:00,0.0
2019-12-05 22:00:00,0.0
2019-12-05 23:00:00,0.0
2019-12-06 00:00:00,0.0
2019-12-06 01:00:00,0.0
2019-12-06 02:00:00,0.0
2019-12-06 03:00:00,0.0
2019-12-06 04:00:00,0.0
2019-12-06 05:00:00,0.0
2019-12-06 06:00:00,0.0
2019-12-06 07:00:00,0.0
2019-12-06 08:00:00,0.0
2019-12-06 09:00:00,0.0
2019-12-06 10:00:00,0.0
2019-12-06 11:00:00,0.0
2019-12-06 12:00:00,0.0
2019-12-06 13:00:00,0.0
2019-12-06 14:00:00,0.0
2019-12-06 15:00:00,0.0
2019-12-06 16:00:00,0.0
2019-12-06 17:00:00,0.0
2019-12-06 18:00:00,0.0
2019-12-06 19:00:00,0.0
2019-12-06 20:00:00,0.0
2019-12-06 21:00:00,0.0
2019-12-06 22:00:00,0.0
2019-12-06 23:00:00,0.0
2019-12-07 00:00:00,0.0
2019-12-07 01:00:00,0.0
2019-12-07 02:00:00,0.0
2019-12-07 03:00:00,0.0
2019-12-07 04:00:00,0.0
2019-12-07 05:00:00,0.0
2019-12-07 06:00:00,0.0
2019-12-07 07:00:00,0.0
2019-12-07 08:00:00,0.0
2019-12-07 09:00:00,0.0
2019-12-07 10:00:00,0.0
2019-12-07 11:00:00,0.0
2019-12-07 12:00:00,0.0
2019-12-07 13:00:00,0.0
2019-12-07 14:00:00,0.0
2019-12-07 15:00:00,0.0
2019-12-07 16:00:00,0.0
2019-12-07 17:00:00,0.0
2019-12-07 18:00:00,0.0
2019-12-07 19:00:00,0.0
2019-12-07 20:00:00,0.0
2019-12-07 21:00:00,0.0
2019-12-07 22:00:00,0.0
2019-12-07 23:00:00,0.0
2019-12-08 00:00:00,0.0
2019-12-08 01:00:00,0.0
2019-12-08 02:00:00,0.0
2019-12-08 03:00:00,0.0
2019-12-08 04:00:00,0.0
2019-12-08 05:00:00,0.0
2019-12-08 06:00:00,0.0
2019-12-08 07:00:00,0.0
2019-12-08 08:00:00,0.0
2019-12-08 09:00:00,0.0
2019-12-08 10:00:00,0.0
2019-12-08 11:00:00,0.0
2019-12-08 12:00:00,0.0
2019-12-08 13:00:00,0.0
2019-12-08 14:00:00,0.0
2019-12-08 15:00:00,0.0
2019-12-08 16:00:00,0.0
2019-12-08 17:00:00,0.0
2019-12-08 18:00:00,0.0
2019-12-08 19:00:00,0.0
2019-12-08 20:00:00,0.0
2019-12-08 21:00:00,0.0
2019-12-08 22:00:00,0.0
2019-12-08 23:00:00,0.0
2019-12-09 00:00:00,0.0
2019-12-09 01:00:00,0.0
2019-12-09 02:00:00,0.0
2019-12-09 03:00:00,0.0
2019-12-09 04:00:00,0.0
2019-12-09 05:00:00,0.0
2019-12-09 06:00:00,0.0
2019-12-09 07:00:00,0.0
2019-12-09 08:00:00,0.0
2019-12-09 09:00:00,0.0
2019-12-09 10:00:00,0.0
2019-12-09 11:00:00,0.0
2019-12-09 12:00:00,0.0
2019-12-09 13:00:00,0.0
2019-12-09 14:00:00,0.0
2019-12-09 15:00:00,0.0
2019-12-09 16:00:00,0.0
2019-12-09 17:00:00,0.0
2019-12-09 18:00:00,0.0
2019-12-09 19:00:00,0.0
2019-12-09 20:00:00,0.0
2019-12-09 21:00:00,0.0
2019-12-09 22:00:00,0.0
2019-12-09 23:00:00,0.0
2019-12-10 00:00:00,0.0
2019-12-10 01:00:00,0.0
2019-12-10 02:00:00,0.0
2019-12-10 03:00:00,0.0
2019-12-10 04:00:00,0.0
2019-12-10 05:00:00,0.0
2019-12-10 06:00:00,0.0
2019-12-10 07:00:00,0.0
2019-12-10 08:00:00,0.0
2019-12-10 09:00:00,0.0
2019-12-10 10:00:00,0.0
2019-12-10 11:00:00,0.0
2019-12-10 12:00:00,0.0
2019-12-10 13:00:00,0.0
2019-12-10 14:00:00,0.0
2019-12-10 15:00:00,0.0
2019-12-10 16:00:00,0.0
2019-12-10 17:00:00,0.0
2019-12-10 18:00:00,0.0
2019-12-10 19:00:00,0.0
2019-12-10 20:00:00,0.0
2019-12-10 21:00:00,0.0
2019-12-10 22:00:00,0.0
2019-12-10 23:00:00,0.0
2019-12-11 00:00:00,0.0
2019-12-11 01:00:00,0.0
2019-12-11 02:00:00,0.0
2019-12-11 03:00:00,0.0
2019-12-11 04:00:00,0.0
2019-12-11 05:00:00,0.0
2019-12-11 06:00:00,0.0
2019-12-11 07:00:00,0.0
2019-12-11 08:00:00,0.0
2019-12-11 09:00:00,0.0
2019-12-11 10:00:00,0.0
2019-12-11 11:00:00,0.0
2019-12-11 12:00:00,0.0
2019-12-11 13:00:00,0.0
2019-12-11 14:00:00,0.0
2019-12-11 15:00:00,0.0
2019-12-11 16:00:00,0.0
2019-12-11 17:00:00,0.0
2019-12-11 18:00:00,0.0
2019-12-11 19:00:00,0.0
2019-12-11 20:00:00,0.0
2019-12-11 21:00:00,0.0
2019-12-11 22:00:00,0.0
2019-12-11 23:00:00,0.0
2019-12-12 00:00:00,0.0
2019-12-12 01:00:00,0.0
2019-12-12 02:00:00,0.0
2019-12-12 03:00:00,0.0
2019-12-12 04:00:00,0.0
2019-12-12 05:00:00,0.0
2019-12-12 06:00:00,0.0
2019-12-12 07:00:00,0.0
2019-12-12 08:00:00,0.0
2019-12-12 09:00:00,0.0
2019-12-12 10:00:00,0.0
2019-12-12 11:00:00,0.0
2019-12-12 12:00:00,0.0
2019-12-12 13:00:00,0.0
2019-12-12 14:00:00,0.0
2019-12-12 15:00:00,0.0
2019-12-12 16:00:00,0.0
2019-12-12 17:00:00,0.0
2019-12-12 18:00:00,0.0
2019-12-12 19:00:00,0.0
2019-12-12 20:00:00,0.0
2019-12-12 21:00:00,0.0
2019-12-12 22:00:00,0.0
2019-12-12 23:00:00,0.0
2019-12-13 00:00:00,0.0
2019-12-13 01:00:00,0.0
2019-12-13 02:00:00,0.0
2019-12-13 03:00:00,0.0
2019-12-13 04:00:00,0.0
2019-12-13 05:00:00,0.0
2019-12-13 06:00:00,0.0
2019-12-13 07:00:00,0.0
2019-12-13 08:00:00,0.0
2019-12-13 09:00:00,0.0
2019-12-13 10:00:00,0.0
2019-12-13 11:00:00,0.0
2019-12-13 12:00:00,0.0
2019-12-13 13:00:00,0.0
2019-12-13 14:00:00,0.0
2019-12-13 15:00:00,0.0
2019-12-13 16:00:00,0.0
2019-12-13 17:00:00,0.0
2019-12-13 18:00:00,0.0
2019-12-13 19:00:00,0.0
2019-12-13 20:00:00,0.0
2019-12-13 21:00:00,0.0
2019-12-13 22:00:00,0.0
2019-12-13 23:00:00,0.0
2019-12-14 00:00:00,0.0
2019-12-14 01:00:00,0.0
2019-12-14 02:00:00,0.0
2019-12-14 03:00:00,0.0
2019-12-14 04:00:00,0.0
2019-12-14 05:00:00,0.0
2019-12-14 06:00:00,0.0
2019-12-14 07:00:00,0.0
2019-12-14 08:00:00,0.0
2019-12-14 09:00:00,0.0
2019-12-14 10:00:00,0.0
2019-12-14 11:00:00,0.0
2019-12-14 12:00:00,0.0
2019-12-14 13:00:00,0.0
2019-12-14 14:00:00,0.0
2019-12-14 15:00:00,0.0
2019-12-14 16:00:00,0.0
2019-12-14 17:00:00,0.0
2019-12-14 18:00:00,0.0
2019-12-14 19:00:00,0.0
2019-12-14 20:00:00,0.0
2019-12-14 21:00:00,0.0
2019-12-14 22:00:00,0.0
2019-12-14 23:00:00,0.0
2019-12-15 00:00:00,0.0
2019-12-15 01:00:00,0.0
2019-12-15 02:00:00,0.0
2019-12-15 03:00:00,0.0
2019-12-15 04:00:00,0.0
2019-12-15 05:00:00,0.0
2019-12-15 06:00:00,0.0
2019-12-15 07:00:00,0.0
2019-12-15 08:00:00,0.0
2019-12-15 09:00:00,0.0
2019-12-15 10:00:00,0.0
2019-12-15 11:00:00,0.0
2019-12-15 12:00:00,0.0
2019-12-15 13:00:00,0.0
2019-12-15 14:00:00,0.0
2019-12-15 15:00:00,0.0
2019-12-15 16:00:00,0.0
2019-12-15 17:00:00,0.0
2019-12-15 18:00:00,0.0
2019-12-15 19:00:00,0.0
2019-12-15 20:00:00,0.0
2019-12-15 21:00:00,0.0
2019-12-15 22:00:00,0.0
2019-12-15 23:00:00,0.0
2019-12-16 00:00:00,0.0
2019-12-16 01:00:00,0.0
2019-12-16 02:00:00,0.0
2019-12-16 03:00:00,0.0
2019-12-16 04:00:00,0.0
2019-12-16 05:00:00,0.0
2019-12-16 06:00:00,0.0
2019-12-16 07:00:00,0.0
2019-12-16 08:00:00,0.0
2019-12-16 09:00:00,0.0
2019-12-16 10:00:00,0.0
2019-12-16 11:00:00,0.0
2019-12-16 12:00:00,0.0
2019-12-16 13:00:00,0.0
2019-12-16 14:00:00,0.0
2019-12-16 15:00:00,0.0
2019-12-16 16:00:00,0.0
2019-12-16 17:00:00,0.0
2019-12-16 18:00:00,0.0
2019-12-16 19:00:00,0.0
2019-12-16 20:00:00,0.0
2019-12-16 21:00:00,0.0
2019-12-16 22:00:00,0.0
2019-12-16 23:00:00,0.0
2019-12-17 00:00:00,0.0
2019-12-17 01:00:00,0.0
2019-12-17 02:00:00,0.0
2019-12-17 03:00:00,0.0
2019-12-17 04:00:00,0.0
2019-12-17 05:00:00,0.0
2019-12-17 06:00:00,0.0
2019-12-17 07:00:00,0.0
2019-12-17 08:00:00,0.0
2019-12-17 09:00:00,0.0
2019-12-17 10:00:00,0.0
2019-12-17 11:00:00,0.0
2019-12-17 12:00:00,0.0
2019-12-17 13:00:00,0.0
2019-12-17 14:00:00,0.0
2019-12-17 15:00:00,0.0
2019-12-17 16:00:00,0.0
2019-12-17 17:00:00,0.0
2019-12-17 18:00:00,0.0
2019-12-17 19:00:00,0.0
2019-12-17 20:00:00,0.0
2019-12-17 21:00:00,0.0
2019-12-17 22:00:00,0.0
2019-12-17 23:00:00,0.0
2019-12-18 00:00:00,0.0
2019-12-18 01:00:00,0.0
2019-12-18 02:00:00,0.0
2019-12-18 03:00:00,0.0
2019-12-18 04:00:00,0.0
2019-12-18 05:00:00,0.0
2019-12-18 06:00:00,0.0
2019-12-18 07:00:00,0.0
2019-12-18 08:00:00,0.0
2019-12-18 09:00:00,0.0
2019-12-18 10:00:00,0.0
2019-12-18 11:00:00,0.0
2019-12-18 12:00:00,0.0
2019-12-18 13:00:00,0.0
2019-12-18 14:00:00,0.0
2019-12-18 15:00:00,0.0
2019-12-18 16:00:00,0.0
2019-12-18 17:00:00,0.0
2019-12-18 18:00:00,0.0
2019-12-18 19:00:00,0.0
2019-12-18 20:00:00,0.0
2019-12-18 21:00:00,0.0
2019-12-18 22:00:00,0.0
2019-12-18 23:00:00,0.0
2019-12-19 00:00:00,0.0
2019-12-19 01:00:00,0.0
2019-12-19 02:00:00,0.0
2019-12-19 03:00:00,0.0
2019-12-19 04:00:00,0.0
2019-12-19 05:00:00,0.0
2019-12-19 06:00:00,0.0
2019-12-19 07:00:00,0.0
2019-12-19 08:00:00,0.0
2019-12-19 09:00:00,0.0
2019-12-19 10:00:00,0.0
2019-12-19 11:00:00,0.0
2019-12-19 12:00:00,0.0
2019-12-19 13:00:00,0.0
2019-12-19 14:00:00,0.0
2019-12-19 15:00:00,0.0
2019-12-19 16:00:00,0.0
2019-12-19 17:00:00,0.0
2019-12-19 18:00:00,0.0
2019-12-19 19:00:00,0.0
2019-12-19 20:00:00,0.0
2019-12-19 21:00:00,0.0
2019-12-19 22:00:00,0.0
2019-12-19 23:00:00,0.0
2019-12-20 00:00:00,0.0
2019-12-20 01:00:00,0.0
2019-12-20 02:00:00,0.0
2019-12-20 03:00:00,0.0
2019-12-20 04:00:00,0.0
2019-12-20 05:00:00,0.0
2019-12-20 06:00:00,0.0
2019-12-20 07:00:00,0.0
2019-12-20 08:00:00,0.0
2019-12-20 09:00:00,0.0
2019-12-20 10:00:00,0.0
2019-12-20 11:00:00,0.0
2019-12-20 12:00:00,0.0
2019-12-20 13:00:00,0.0
2019-12-20 14:00:00,0.0
2019-12-20 15:00:00,0.0
2019-12-20 16:00:00,0.0
2019-12-20 17:00:00,0.0
2019-12-20 18:00:00,0.0
2019-12-20 19:00:00,0.0
2019-12-20 20:00:00,0.0
2019-12-20 21:00:00,0.0
2019-12-20 22:00:00,0.0
2019-12-20 23:00:00,0.0
2019-12-21 00:00:00,0.0
2019-12-21 01:00:00,0.0
2019-12-21 02:00:00,0.0
2019-12-21 03:00:00,0.0
2019-12-21 04:00:00,0.0
2019-12-21 05:00:00,0.0
2019-12-21 06:00:00,0.0
2019-12-21 07:00:00,0.0
2019-12-21 08:00:00,0.0
2019-12-21 09:00:00,0.0
2019-12-21 10:00:00,0.0
2019-12-21 11:00:00,0.0
2019-12-21 12:00:00,0.0
2019-12-21 13:00:00,0.0
2019-12-21 14:00:00,0.0
2019-12-21 15:00:00,0.0
2019-12-21 16:00:00,0.0
2019-12-21 17:00:00,0.0
2019-12-21 18:00:00,0.0
2019-12-21 19:00:00,0.0
2019-12-21 20:00:00,0.0
2019-12-21 21:00:00,0.0
2019-12-21 22:00:00,0.0
2019-12-21 23:00:00,0.0
2019-12-22 00:00:00,0.0
2019-12-22 01:00:00,0.0
2019-12-22 02:00:00,0.0
2019-12-22 03:00:00,0.0
2019-12-22 04:00:00,0.0
2019-12-22 05:00:00,0.0
2019-12-22 06:00:00,0.0
2019-12-22 07:00:00,0.0
2019-12-22 08:00:00,0.0
2019-12-22 09:00:00,0.0
2019-12-22 10:00:00,0.0
2019-12-22 11:00:00,0.0
2019-12-22 12:00:00,0.0
2019-12-22 13:00:00,0.0
2019-12-22 14:00:00,0.0
2019-12-22 15:00:00,0.0
2019-12-22 16:00:00,0.0
2019-12-22 17:00:00,0.0
2019-12-22 18:00:00,0.0
2019-12-22 19:00:00,0.0
2019-12-22 20:00:00,0.0
2019-12-22 21:00:00,0.0
2019-12-22 22:00:00,0.0
2019-12-22 23:00:00,0.0
2019-12-23 00:00:00,0.0
2019-12-23 01:00:00,0.0
2019-12-23 02:00:00,0.0
2019-12-23 03:00:00,0.0
2019-12-23 04:00:00,0.0
2019-12-23 05:00:00,0.0
2019-12-23 06:00:00,0.0
2019-12-23 07:00:00,0.0
2019-12-23 08:00:00,0.0
2019-12-23 09:00:00,0.0
2019-12-23 10:00:00,0.0
2019-12-23 11:00:00,0.0
2019-12-23 12:00:00,0.0
2019-12-23 13:00:00,0.0
2019-12-23 14:00:00,0.0
2019-12-23 15:00:00,0.0
2019-12-23 16:00:00,0.0
2019-12-23 17:00:00,0.0
2019-12-23 18:00:00,0.0
2019-12-23 19:00:00,0.0
2019-12-23 20:00:00,0.0
2019-12-23 21:00:00,0.0
2019-12-23 22:00:00,0.0
2019-12-23 23:00:00,0.0
2019-12-24 00:00:00,0.0
2019-12-24 01:00:00,0.0
2019-12-24 02:00:00,0.0
2019-12-24 03:00:00,0.0
2019-12-24 04:00:00,0.0
2019-12-24 05:00:00,0.0
2019-12-24 06:00:00,0.0
2019-12-24 07:00:00,0.0
2019-12-24 08:00:00,0.0
2019-12-24 09:00:00,0.0
2019-12-24 10:00:00,0.0
2019-12-24 11:00:00,0.0
2019-12-24 12:00:00,0.0
2019-12-24 13:00:00,0.0
2019-12-24 14:00:00,0.0
2019-12-24 15:00:00,0.0
2019-12-24 16:00:00,0.0
2019-12-24 17:00:00,0.0
2019-12-24 18:00:00,0.0
2019-12-24 19:00:00,0.0
2019-12-24 20:00:00,0.0
2019-12-24 21:00:00,0.0
2019-12-24 22:00:00,0.0
2019-12-24 23:00:00,0.0
2019-12-25 00:00:00,0.0
2019-12-25 01:00:00,0.0
2019-12-25 02:00:00,0.0
2019-12-25 03:00:00,0.0
2019-12-25 04:00:00,0.0
2019-12-25 05:00:00,0.0
2019-12-25 06:00:00,0.0
2019-12-25 07:00:00,0.0
2019-12-25 08:00:00,0.0
2019-12-25 09:00:00,0.0
2019-12-25 10:00:00,0.0
2019-12-25 11:00:00,0.0
2019-12-25 12:00:00,0.0
2019-12-25 13:00:00,0.0
2019-12-25 14:00:00,0.0
2019-12-25 15:00:00,0.0
2019-12-25 16:00:00,0.0
2019-12-25 17:00:00,0.0
2019-12-25 18:00:00,0.0
2019-12-25 19:00:00,0.0
2019-12-25 20:00:00,0.0
2019-12-25 21:00:00,0.0
2019-12-25 22:00:00,0.0
2019-12-25 23:00:00,0.0
2019-12-26 00:00:00,0.0
2019-12-26 01:00:00,0.0
2019-12-26 02:00:00,0.0
2019-12-26 03:00:00,0.0
2019-12-26 04:00:00,0.0
2019-12-26 05:00:00,0.0
2019-12-26 06:00:00,0.0
2019-12-26 07:00:00,0.0
2019-12-26 08:00:00,0.0
2019-12-26 09:00:00,0.0
2019-12-26 10:00:00,0.0
2019-12-26 11:00:00,0.0
2019-12-26 12:00:00,0.0
2019-12-26 13:00:00,0.0
2019-12-26 14:00:00,0.0
2019-12-26 15:00:00,0.0
2019-12-26 16:00:00,0.0
2019-12-26 17:00:00,0.0
2019-12-26 18:00:00,0.0
2019-12-26 19:00:00,0.0
2019-12-26 20:00:00,0.0
2019-12-26 21:00:00,0.0
2019-12-26 22:00:00,0.0
2019-12-26 23:00:00,0.0
2019-12-27 00:00:00,0.0
2019-12-27 01:00:00,0.0
2019-12-27 02:00:00,0.0
2019-12-27 03:00:00,0.0
2019-12-27 04:00:00,0.0
2019-12-27 05:00:00,0.0
2019-12-27 06:00:00,0.0
2019-12-27 07:00:00,0.0
2019-12-27 08:00:00,0.0
2019-12-27 09:00:00,0.0
2019-12-27 10:00:00,0.0
2019-12-27 11:00:00,0.0
2019-12-27 12:00:00,0.0
2019-12-27 13:00:00,0.0
2019-12-27 14:00:00,0.0
2019-12-27 15:00:00,0.0
2019-12-27 16:00:00,0.0
2019-12-27 17:00:00,0.0
2019-12-27 18:00:00,0.0
2019-12-27 19:00:00,0.0
2019-12-27 20:00:00,0.0
2019-12-27 21:00:00,0.0
2019-12-27 22:00:00,0.0
2019-12-27 23:00:00,0.0
2019-12-28 00:00:00,0.0
2019-12-28 01:00:00,0.0
2019-12-28 02:00:00,0.0
2019-12-28 03:00:00,0.0
2019-12-28 04:00:00,0.0
2019-12-28 05:00:00,0.0
2019-12-28 06:00:00,0.0
2019-12-28 07:00:00,0.0
2019-12-28 08:00:00,0.0
2019-12-28 09:00:00,0.0
2019-12-28 10:00:00,0.0
2019-12-28 11:00:00,0.0
2019-12-28 12:00:00,0.0
2019-12-28 13:00:00,0.0
2019-12-28 14:00:00,0.0
2019-12-28 15:00:00,0.0
2019-12-28 16:00:00,0.0
2019-12-28 17:00:00,0.0
2019-12-28 18:00:00,0.0
2019-12-28 19:00:00,0.0
2019-12-28 20:00:00,0.0
2019-12-28 21:00:00,0.0
2019-12-28 22:00:00,0.0
2019-12-28 23:00:00,0.0
2019-12-29 00:00:00,0.0
2019-12-29 01:00:00,0.0
2019-12-29 02:00:00,0.0
2019-12-29 03:00:00,0.0
2019-12-29 04:00:00,0.0
2019-12-29 05:00:00,0.0
2019-12-29 06:00:00,0.0
2019-12-29 07:00:00,0.0
2019-12-29 08:00:00,0.0
2019-12-29 09:00:00,0.0
2019-12-29 10:00:00,0.0
2019-12-29 11:00:00,0.0
2019-12-29 12:00:00,0.0
2019-12-29 13:00:00,0.0
2019-12-29 14:00:00,0.0
2019-12-29 15:00:00,0.0
2019-12-29 16:00:00,0.0
2019-12-29 17:00:00,0.0
2019-12-29 18:00:00,0.0
2019-12-29 19:00:00,0.0
2019-12-29 20:00:00,0.0
2019-12-29 21:00:00,0.0
2019-12-29 22:00:00,0.0
2019-12-29 23:00:00,0.0
2019-12-30 00:00:00,0.0
2019-12-30 01:00:00,0.0
2019-12-30 02:00:00,0.0
2019-12-30 03:00:00,0.0
2019-12-30 04:00:00,0.0
2019-12-30 05:00:00,0.0
2019-12-30 06:00:00,0.0
2019-12-30 07:00:00,0.0
2019-12-30 08:00:00,0.0
2019-12-30 09:00:00,0.0
2019-12-30 10:00:00,0.0
2019-12-30 11:00:00,0.0
2019-12-30 12:00:00,0.0
2019-12-30 13:00:00,0.0
2019-12-30 14:00:00,0.0
2019-12-30 15:00:00,0.0
2019-12-30 16:00:00,0.0
2019-12-30 17:00:00,0.0
2019-12-30 18:00:00,0.0
2019-12-30 19:00:00,0.0
2019-12-30 20:00:00,0.0
2019-12-30 21:00:00,0.0
2019-12-30 22:00:00,0.0
2019-12-30 23:00:00,0.0
2019-12-31 00:00:00,0.0
2019-12-31 01:00:00,0.0
2019-12-31 02:00:00,0.0
2019-12-31 03:00:00,0.0
2019-12-31 04:00:00,0.0
2019-12-31 05:00:00,0.0
2019-12-31 06:00:00,0.0
2019-12-31 07:00:00,0.0
2019-12-31 08:00:00,0.0
2019-12-31 09:00:00,0.0
2019-12-31 10:00:00,0.0
2019-12-31 11:00:00,0.0
2019-12-31 12:00:00,0.0
2019-12-31 13:00:00,0.0
2019-12-31 14:00:00,0.0
2019-12-31 15:00:00,0.0
2019-12-31 16:00:00,0.0
2019-12-31 17:00:00,0.0
2019-12-31 18:00:00,0.0
2019-12-31 19:00:00,0.0
2019-12-31 20:00:00,0.0
2019-12-31 21:00:00,0.0
2019-12-31 22:00:00,0.0
2019-12-31 23:00:00,0.0
2020-01-01 00:00:00,0.0
2020-01-01 01:00:00,0.0
2020-01-01 02:00:00,0.0
2020-01-01 03:00:00,0.0
2020-01-01 04:00:00,0.0
2020-01-01 05:00:00,0.0
2020-01-01 06:00:00,0.0
2020-01-01 07:00:00,0.0
2020-01-01 08:00:00,0.0
2020-01-01 09:00:00,0.0
2020-01-01 10:00:00,0.0
2020-01-01 11:00:00,0.0
2020-01-01 12:00:00,0.0
2020-01-01 13:00:00,0.0
2020-01-01 14:00:00,0.0
2020-01-01 15:00:00,0.0
2020-01-01 16:00:00,0.0
2020-01-01 17:00:00,0.0
2020-01-01 18:00:00,0.0
2020-01-01 19:00:00,0.0
2020-01-01 20:00:00,0.0
2020-01-01 21:00:00,0.0
2020-01-01 22:00:00,0.0
2020-01-01 23:00:00,0.0
2020-01-02 00:00:00,0.0
2020-01-02 01:00:00,0.0
2020-01-02 02:00:00,0.0
2020-01-02 03:00:00,0.0
2020-01-02 04:00:00,0.0
2020-01-02 05:00:00,0.0
2020-01-02 06:00:00,0.0
2020-01-02 07:00:00,0.0
2020-01-02 08:00:00,0.0
2020-01-02 09:00:00,0.0
2020-01-02 10:00:00,0.0
2020-01-02 11:00:00,0.0
2020-01-02 12:00:00,0.0
2020-01-02 13:00:00,0.0
2020-01-02 14:00:00,0.0
2020-01-02 15:00:00,0.0
2020-01-02 16:00:00,0.0
2020-01-02 17:00:00,0.0
2020-01-02 18:00:00,0.0
2020-01-02 19:00:00,0.0
2020-01-02 20:00:00,0.0
2020-01-02 21:00:00,0.0
2020-01-02 22:00:00,0.0
2020-01-02 23:00:00,0.0
2020-01-03 00:00:00,0.0
2020-01-03 01:00:00,0.0
2020-01-03 02:00:00,0.0
2020-01-03 03:00:00,0.0
2020-01-03 04:00:00,0.0
2020-01-03 05:00:00,0.0
2020-01-03 06:00:00,0.0
2020-01-03 07:00:00,0.0
2020-01-03 08:00:00,0.0
2020-01-03 09:00:00,0.0
2020-01-03 10:00:00,0.0
2020-01-03 11:00:00,0.0
2020-01-03 12:00:00,0.0
2020-01-03 13:00:00,0.0
2020-01-03 14:00:00,0.0
2020-01-03 15:00:00,0.0
2020-01-03 16:00:00,0.0
2020-01-03 17:00:00,0.0
2020-01-03 18:00:00,0.0
2020-01-03 19:00:00,0.0
2020-01-03 20:00:00,0.0
2020-01-03 21:00:00,0.0
2020-01-03 22:00:00,0.0
2020-01-03 23:00:00,0.0
2020-01-04 00:00:00,0.0
2020-01-04 01:00:00,0.0
2020-01-04 02:00:00,0.0
2020-01-04 03:00:00,0.0
2020-01-04 04:00:00,0.0
2020-01-04 05:00:00,0.0
2020-01-04 06:00:00,0.0
2020-01-04 07:00:00,0.0
2020-01-04 08:00:00,0.0
2020-01-04 09:00:00,0.0
2020-01-04 10:00:00,0.0
2020-01-04 11:00:00,0.0
2020-01-04 12:00:00,0.0
2020-01-04 13:00:00,0.0
2020-01-04 14:00:00,0.0
2020-01-04 15:00:00,0.0
2020-01-04 16:00:00,0.0
2020-01-04 17:00:00,0.0
2020-01-04 18:00:00,0.0
2020-01-04 19:00:00,0.0
2020-01-04 20:00:00,0.0
2020-01-04 21:00:00,0.0
2020-01-04 22:00:00,0.0
2020-01-04 23:00:00,0.0
2020-01-05 00:00:00,0.0
2020-01-05 01:00:00,0.0
2020-01-05 02:00:00,0.0
2020-01-05 03:00:00,0.0
2020-01-05 04:00:00,0.0
2020-01-05 05:00:00,0.0
2020-01-05 06:00:00,0.0
2020-01-05 07:00:00,0.0
2020-01-05 08:00:00,0.0
2020-01-05 09:00:00,0.0
2020-01-05 10:00:00,0.0
2020-01-05 11:00:00,0.0
2020-01-05 12:00:00,0.0
2020-01-05 13:00:00,0.0
2020-01-05 14:00:00,0.0
2020-01-05 15:00:00,0.0
2020-01-05 16:00:00,0.0
2020-01-05 17:00:00,0.0
2020-01-05 18:00:00,0.0
2020-01-05 19:00:00,0.0
2020-01-05 20:00:00,0.0
2020-01-05 21:00:00,0.0
2020-01-05 22:00:00,0.0
2020-01-05 23:00:00,0.0
2020-01-06 00:00:00,0.0
2020-01-06 01:00:00,0.0
2020-01-06 02:00:00,0.0
2020-01-06 03:00:00,0.0
2020-01-06 04:00:00,0.0
2020-01-06 05:00:00,0.0
2020-01-06 06:00:00,0.0
2020-01-06 07:00:00,0.0
2020-01-06 08:00:00,0.0
2020-01-06 09:00:00,0.0
2020-01-06 10:00:00,0.0
2020-01-06 11:00:00,0.0
2020-01-06 12:00:00,0.0
2020-01-06 13:00:00,0.0
2020-01-06 14:00:00,0.0
2020-01-06 15:00:00,0.0
2020-01-06 16:00:00,0.0
2020-01-06 17:00:00,0.0
2020-01-06 18:00:00,0.0
2020-01-06 19:00:00,0.0
2020-01-06 20:00:00,0.0
2020-01-06 21:00:00,0.0
2020-01-06 22:00:00,0.0
2020-01-06 23:00:00,0.0
2020-01-07 00:00:00,0.0
2020-01-07 01:00:00,0.0
2020-01-07 02:00:00,0.0
2020-01-07 03:00:00,0.0
2020-01-07 04:00:00,0.0
2020-01-07 05:00:00,0.0
2020-01-07 06:00:00,0.0
2020-01-07 07:00:00,0.0
2020-01-07 08:00:00,0.0
2020-01-07 09:00:00,0.0
2020-01-07 10:00:00,0.0
2020-01-07 11:00:00,0.0
2020-01-07 12:00:00,0.0
2020-01-07 13:00:00,0.0
2020-01-07 14:00:00,0.0
2020-01-07 15:00:00,0.0
2020-01-07 16:00:00,0.0
2020-01-07 17:00:00,0.0
2020-01-07 18:00:00,0.0
2020-01-07 19:00:00,0.0
2020-01-07 20:00:00,0.0
2020-01-07 21:00:00,0.0
2020-01-07 22:00:00,0.0
2020-01-07 23:00:00,0.0
2020-01-08 00:00:00,0.0
2020-01-08 01:00:00,0.0
2020-01-08 02:00:00,0.0
2020-01-08 03:00:00,0.0
2020-01-08 04:00:00,0.0
2020-01-08 05:00:00,0.0
2020-01-08 06:00:00,0.0
2020-01-08 07:00:00,0.0
2020-01-08 08:00:00,0.0
2020-01-08 09:00:00,0.0
2020-01-08 10:00:00,0.0
2020-01-08 11:00:00,0.0
2020-01-08 12:00:00,0.0
2020-01-08 13:00:00,0.0
2020-01-08 14:00:00,0.0
2020-01-08 15:00:00,0.0
2020-01-08 16:00:00,0.0
2020-01-08 17:00:00,0.0
2020-01-08 18:00:00,0.0
2020-01-08 19:00:00,0.0
2020-01-08 20:00:00,0.0
2020-01-08 21:00:00,0.0
2020-01-08 22:00:00,0.0
2020-01-08 23:00:00,0.0
2020-01-09 00:00:00,0.0
2020-01-09 01:00:00,0.0
2020-01-09 02:00:00,0.0
2020-01-09 03:00:00,0.0
2020-01-09 04:00:00,0.0
2020-01-09 05:00:00,0.0
2020-01-09 06:00:00,0.0
2020-01-09 07:00:00,0.0
2020-01-09 08:00:00,0.0
2020-01-09 09:00:00,0.0
2020-01-09 10:00:00,0.0
2020-01-09 11:00:00,0.0
2020-01-09 12:00:00,0.0
2020-01-09 13:00:00,0.0
2020-01-09 14:00:00,0.0
2020-01-09 15:00:00,0.0
2020-01-09 16:00:00,0.0
2020-01-09 17:00:00,0.0
2020-01-09 18:00:00,0.0
2020-01-09 19:00:00,0.0
2020-01-09 20:00:00,0.0
2020-01-09 21:00:00,0.0
2020-01-09 22:00:00,0.0
2020-01-09 23:00:00,0.0
2020-01-10 00:00:00,0.0
2020-01-10 01:00:00,0.0
2020-01-10 02:00:00,0.0
2020-01-10 03:00:00,0.0
2020-01-10 04:00:00,0.0
2020-01-10 05:00:00,0.0
2020-01-10 06:00:00,0.0
2020-01-10 07:00:00,0.0
2020-01-10 08:00:00,0.0
2020-01-10 09:00:00,0.0
2020-01-10 10:00:00,0.0
2020-01-10 11:00:00,0.0
2020-01-10 12:00:00,0.0
2020-01-10 13:00:00,0.0
2020-01-10 14:00:00,0.0
2020-01-10 15:00:00,0.0
2020-01-10 16:00:00,0.0
2020-01-10 17:00:00,0.0
2020-01-10 18:00:00,0.0
2020-01-10 19:00:00,0.0
2020-01-10 20:00:00,0.0
2020-01-10 21:00:00,0.0
2020-01-10 22:00:00,0.0
2020-01-10 23:00:00,0.0
2020-01-11 00:00:00,0.0
2020-01-11 01:00:00,0.0
2020-01-11 02:00:00,0.0
2020-01-11 03:00:00,0.0
2020-01-11 04:00:00,0.0
2020-01-11 05:00:00,0.0
2020-01-11 06:00:00,0.0
2020-01-11 07:00:00,0.0
2020-01-11 08:00:00,0.0
2020-01-11 09:00:00,0.0
2020-01-11 10:00:00,0.0
2020-01-11 11:00:00,0.0
2020-01-11 12:00:00,0.0
2020-01-11 13:00:00,0.0
2020-01-11 14:00:00,0.0
2020-01-11 15:00:00,0.0
2020-01-11 16:00:00,0.0
2020-01-11 17:00:00,0.0
2020-01-11 18:00:00,0.0
2020-01-11 19:00:00,0.0
2020-01-11 20:00:00,0.0
2020-01-11 21:00:00,0.0
2020-01-11 22:00:00,0.0
2020-01-11 23:00:00,0.0
2020-01-12 00:00:00,0.0
2020-01-12 01:00:00,0.0
2020-01-12 02:00:00,0.0
2020-01-12 03:00:00,0.0
2020-01-12 04:00:00,0.0
2020-01-12 05:00:00,0.0
2020-01-12 06:00:00,0.0
2020-01-12 07:00:00,0.0
2020-01-12 08:00:00,0.0
2020-01-12 09:00:00,0.0
2020-01-12 10:00:00,0.0
2020-01-12 11:00:00,0.0
2020-01-12 12:00:00,0.0
2020-01-12 13:00:00,0.0
2020-01-12 14:00:00,0.0
2020-01-12 15:00:00,0.0
2020-01-12 16:00:00,0.0
2020-01-12 17:00:00,0.0
2020-01-12 18:00:00,0.0
2020-01-12 19:00:00,0.0
2020-01-12 20:00:00,0.0
2020-01-12 21:00:00,0.0
2020-01-12 22:00:00,0.0
2020-01-12 23:00:00,0.0
2020-01-13 00:00:00,0.0
2020-01-13 01:00:00,0.0
2020-01-13 02:00:00,0.0
2020-01-13 03:00:00,0.0
2020-01-13 04:00:00,0.0
2020-01-13 05:00:00,0.0
2020-01-13 06:00:00,0.0
2020-01-13 07:00:00,0.0
2020-01-13 08:00:00,0.0
2020-01-13 09:00:00,0.0
2020-01-13 10:00:00,0.0
2020-01-13 11:00:00,0.0
2020-01-13 12:00:00,0.0
2020-01-13 13:00:00,0.0
2020-01-13 14:00:00,0.0
2020-01-13 15:00:00,0.0
2020-01-13 16:00:00,0.0
2020-01-13 17:00:00,0.0
2020-01-13 18:00:00,0.0
2020-01-13 19:00:00,0.0
2020-01-13 20:00:00,0.0
2020-01-13 21:00:00,0.0
2020-01-13 22:00:00,0.0
2020-01-13 23:00:00,0.0
2020-01-14 00:00:00,0.0
2020-01-14 01:00:00,0.0
2020-01-14 02:00:00,0.0
2020-01-14 03:00:00,0.0
2020-01-14 04:00:00,0.0
2020-01-14 05:00:00,0.0
2020-01-14 06:00:00,0.0
2020-01-14 07:00:00,0.0
2020-01-14 08:00:00,0.0
2020-01-14 09:00:00,0.0
2020-01-14 10:00:00,0.0
2020-01-14 11:00:00,0.0
2020-01-14 12:00:00,0.0
2020-01-14 13:00:00,0.0
2020-01-14 14:00:00,0.0
2020-01-14 15:00:00,0.0
2020-01-14 16:00:00,0.0
2020-01-14 17:00:00,0.0
2020-01-14 18:00:00,0.0
2020-01-14 19:00:00,0.0
2020-01-14 20:00:00,0.0
2020-01-14 21:00:00,0.0
2020-01-14 22:00:00,0.0
2020-01-14 23:00:00,0.0
2020-01-15 00:00:00,0.0
2020-01-15 01:00:00,0.0
2020-01-15 02:00:00,0.0
2020-01-15 03:00:00,0.0
2020-01-15 04:00:00,0.0
2020-01-15 05:00:00,0.0
2020-01-15 06:00:00,0.0
2020-01-15 07:00:00,0.0
2020-01-15 08:00:00,0.0
2020-01-15 09:00:00,0.0
2020-01-15 10:00:00,0.0
2020-01-15 11:00:00,0.0
2020-01-15 12:00:00,0.0
2020-01-15 13:00:00,0.0
2020-01-15 14:00:00,0.0
2020-01-15 15:00:00,0.0
2020-01-15 16:00:00,0.0
2020-01-15 17:00:00,0.0
2020-01-15 18:00:00,0.0
2020-01-15 19:00:00,0.0
2020-01-15 20:00:00,0.0
2020-01-15 21:00:00,0.0
2020-01-15 22:00:00,0.0
2020-01-15 23:00:00,0.0
2020-01-16 00:00:00,0.0
2020-01-16 01:00:00,0.0
2020-01-16 02:00:00,0.0
2020-01-16 03:00:00,0.0
2020-01-16 04:00:00,0.0
2020-01-16 05:00:00,0.0
2020-01-16 06:00:00,0.0
2020-01-16 07:00:00,0.0
2020-01-16 08:00:00,0.0
2020-01-16 09:00:00,0.0
2020-01-16 10:00:00,0.0
2020-01-16 11:00:00,0.0
2020-01-16 12:00:00,0.0
2020-01-16 13:00:00,0.0
2020-01-16 14:00:00,0.0
2020-01-16 15:00:00,0.0
2020-01-16 16:00:00,0.0
2020-01-16 17:00:00,0.0
2020-01-16 18:00:00,0.0
2020-01-16 19:00:00,0.0
2020-01-16 20:00:00,0.0
2020-01-16 21:00:00,0.0
2020-01-16 22:00:00,0.0
2020-01-16 23:00:00,0.0
2020-01-17 00:00:00,0.0
2020-01-17 01:00:00,0.0
2020-01-17 02:00:00,0.0
2020-01-17 03:00:00,0.0
2020-01-17 04:00:00,0.0
2020-01-17 05:00:00,0.0
2020-01-17 06:00:00,0.0
2020-01-17 07:00:00,0.0
2020-01-17 08:00:00,0.0
2020-01-17 09:00:00,0.0
2020-01-17 10:00:00,0.0
2020-01-17 11:00:00,0.0
2020-01-17 12:00:00,0.0
2020-01-17 13:00:00,0.0
2020-01-17 14:00:00,0.0
2020-01-17 15:00:00,0.0
2020-01-17 16:00:00,0.0
2020-01-17 17:00:00,0.0
2020-01-17 18:00:00,0.0
2020-01-17 19:00:00,0.0
2020-01-17 20:00:00,0.0
2020-01-17 21:00:00,0.0
2020-01-17 22:00:00,0.0
2020-01-17 23:00:00,0.0
2020-01-18 00:00:00,0.0
2020-01-18 01:00:00,0.0
2020-01-18 02:00:00,0.0
2020-01-18 03:00:00,0.0
2020-01-18 04:00:00,0.0
2020-01-18 05:00:00,0.0
2020-01-18 06:00:00,0.0
2020-01-18 07:00:00,0.0
2020-01-18 08:00:00,0.0
2020-01-18 09:00:00,0.0
2020-01-18 10:00:00,0.0
2020-01-18 11:00:00,0.0
2020-01-18 12:00:00,0.0
2020-01-18 13:00:00,0.0
2020-01-18 14:00:00,0.0
2020-01-18 15:00:00,0.0
2020-01-18 16:00:00,0.0
2020-01-18 17:00:00,0.0
2020-01-18 18:00:00,0.0
2020-01-18 19:00:00,0.0
2020-01-18 20:00:00,0.0
2020-01-18 21:00:00,0.0
2020-01-18 22:00:00,0.0
2020-01-18 23:00:00,0.0
2020-01-19 00:00:00,0.0
2020-01-19 01:00:00,0.0
2020-01-19 02:00:00,0.0
2020-01-19 03:00:00,0.0
2020-01-19 04:00:00,0.0
2020-01-19 05:00:00,0.0
2020-01-19 06:00:00,0.0
2020-01-19 07:00:00,0.0
2020-01-19 08:00:00,0.0
2020-01-19 09:00:00,0.0
2020-01-19 10:00:00,0.0
2020-01-19 11:00:00,0.0
2020-01-19 12:00:00,0.0
2020-01-19 13:00:00,0.0
2020-01-19 14:00:00,0.0
2020-01-19 15:00:00,0.0
2020-01-19 16:00:00,0.0
2020-01-19 17:00:00,0.0
2020-01-19 18:00:00,0.0
2020-01-19 19:00:00,0.0
2020-01-19 20:00:00,0.0
2020-01-19 21:00:00,0.0
2020-01-19 22:00:00,0.0
2020-01-19 23:00:00,0.0
2020-01-20 00:00:00,0.0
2020-01-20 01:00:00,0.0
2020-01-20 02:00:00,0.0
2020-01-20 03:00:00,0.0
2020-01-20 04:00:00,0.0
2020-01-20 05:00:00,0.0
2020-01-20 06:00:00,0.0
2020-01-20 07:00:00,0.0
2020-01-20 08:00:00,0.0
2020-01-20 09:00:00,0.0
2020-01-20 10:00:00,0.0
2020-01-20 11:00:00,0.0
2020-01-20 12:00:00,0.0
2020-01-20 13:00:00,0.0
2020-01-20 14:00:00,0.0
2020-01-20 15:00:00,0.0
2020-01-20 16:00:00,0.0
2020-01-20 17:00:00,0.0
2020-01-20 18:00:00,0.0
2020-01-20 19:00:00,0.0
2020-01-20 20:00:00,0.0
2020-01-20 21:00:00,0.0
2020-01-20 22:00:00,0.0
2020-01-20 23:00:00,0.0
2020-01-21 00:00:00,0.0
2020-01-21 01:00:00,0.0
2020-01-21 02:00:00,0.0
2020-01-21 03:00:00,0.0
2020-01-21 04:00:00,0.0
2020-01-21 05:00:00,0.0
2020-01-21 06:00:00,0.0
2020-01-21 07:00:00,0.0
2020-01-21 08:00:00,0.0
2020-01-21 09:00:00,0.0
2020-01-21 10:00:00,0.0
2020-01-21 11:00:00,0.0
2020-01-21 12:00:00,0.0
2020-01-21 13:00:00,0.0
2020-01-21 14:00:00,0.0
2020-01-21 15:00:00,0.0
2020-01-21 16:00:00,0.0
2020-01-21 17:00:00,0.0
2020-01-21 18:00:00,0.0
2020-01-21 19:00:00,0.0
2020-01-21 20:00:00,0.0
2020-01-21 21:00:00,0.0
2020-01-21 22:00:00,0.0
2020-01-21 23:00:00,0.0
2020-01-22 00:00:00,0.0
2020-01-22 01:00:00,0.0
2020-01-22 02:00:00,0.0
2020-01-22 03:00:00,0.0
2020-01-22 04:00:00,0.0
2020-01-22 05:00:00,0.0
2020-01-22 06:00:00,0.0
2020-01-22 07:00:00,0.0
2020-01-22 08:00:00,0.0
2020-01-22 09:00:00,0.0
2020-01-22 10:00:00,0.0
2020-01-22 11:00:00,0.0
2020-01-22 12:00:00,0.0
2020-01-22 13:00:00,0.0
2020-01-22 14:00:00,0.0
2020-01-22 15:00:00,0.0
2020-01-22 16:00:00,0.0
2020-01-22 17:00:00,0.0
2020-01-22 18:00:00,0.0
2020-01-22 19:00:00,0.0
2020-01-22 20:00:00,0.0
2020-01-22 21:00:00,0.0
2020-01-22 22:00:00,0.0
2020-01-22 23:00:00,0.0
2020-01-23 00:00:00,0.0
2020-01-23 01:00:00,0.0
2020-01-23 02:00:00,0.0
2020-01-23 03:00:00,0.0
2020-01-23 04:00:00,0.0
2020-01-23 05:00:00,0.0
2020-01-23 06:00:00,0.0
2020-01-23 07:00:00,0.0
2020-01-23 08:00:00,0.0
2020-01-23 09:00:00,0.0
2020-01-23 10:00:00,0.0
2020-01-23 11:00:00,0.0
2020-01-23 12:00:00,0.0
2020-01-23 13:00:00,0.0
2020-01-23 14:00:00,0.0
2020-01-23 15:00:00,0.0
2020-01-23 16:00:00,0.0
2020-01-23 17:00:00,0.0
2020-01-23 18:00:00,0.0
2020-01-23 19:00:00,0.0
2020-01-23 20:00:00,0.0
2020-01-23 21:00:00,0.0
2020-01-23 22:00:00,0.0
2020-01-23 23:00:00,0.0
2020-01-24 00:00:00,0.0
2020-01-24 01:00:00,0.0
2020-01-24 02:00:00,0.0
2020-01-24 03:00:00,0.0
2020-01-24 04:00:00,0.0
2020-01-24 05:00:00,0.0
2020-01-24 06:00:00,0.0
2020-01-24 07:00:00,0.0
2020-01-24 08:00:00,0.0
2020-01-24 09:00:00,0.0
2020-01-24 10:00:00,0.0
2020-01-24 11:00:00,0.0
2020-01-24 12:00:00,0.0
2020-01-24 13:00:00,0.0
2020-01-24 14:00:00,0.0
2020-01-24 15:00:00,0.0
2020-01-24 16:00:00,0.0
2020-01-24 17:00:00,0.0
2020-01-24 18:00:00,0.0
2020-01-24 19:00:00,0.0
2020-01-24 20:00:00,0.0
2020-01-24 21:00:00,0.0
2020-01-24 22:00:00,0.0
2020-01-24 23:00:00,0.0
2020-01-25 00:00:00,0.0
2020-01-25 01:00:00,0.0
2020-01-25 02:00:00,0.0
2020-01-25 03:00:00,0.0
2020-01-25 04:00:00,0.0
2020-01-25 05:00:00,0.0
2020-01-25 06:00:00,0.0
2020-01-25 07:00:00,0.0
2020-01-25 08:00:00,0.0
2020-01-25 09:00:00,0.0
2020-01-25 10:00:00,0.0
2020-01-25 11:00:00,0.0
2020-01-25 12:00:00,0.0
2020-01-25 13:00:00,0.0
2020-01-25 14:00:00,0.0
2020-01-25 15:00:00,0.0
2020-01-25 16:00:00,0.0
2020-01-25 17:00:00,0.0
2020-01-25 18:00:00,0.0
2020-01-25 19:00:00,0.0
2020-01-25 20:00:00,0.0
2020-01-25 21:00:00,0.0
2020-01-25 22:00:00,0.0
2020-01-25 23:00:00,0.0
2020-01-26 00:00:00,0.0
2020-01-26 01:00:00,0.0
2020-01-26 02:00:00,0.0
2020-01-26 03:00:00,0.0
2020-01-26 04:00:00,0.0
2020-01-26 05:00:00,0.0
2020-01-26 06:00:00,0.0
2020-01-26 07:00:00,0.0
2020-01-26 08:00:00,0.0
2020-01-26 09:00:00,0.0
2020-01-26 10:00:00,0.0
2020-01-26 11:00:00,0.0
2020-01-26 12:00:00,0.0
2020-01-26 13:00:00,0.0
2020-01-26 14:00:00,0.0
2020-01-26 15:00:00,0.0
2020-01-26 16:00:00,0.0
2020-01-26 17:00:00,0.0
2020-01-26 18:00:00,0.0
2020-01-26 19:00:00,0.0
2020-01-26 20:00:00,0.0
2020-01-26 21:00:00,0.0
2020-01-26 22:00:00,0.0
2020-01-26 23:00:00,0.0
2020-01-27 00:00:00,0.0
2020-01-27 01:00:00,0.0
2020-01-27 02:00:00,0.0
2020-01-27 03:00:00,0.0
2020-01-27 04:00:00,0.0
2020-01-27 05:00:00,0.0
2020-01-27 06:00:00,0.0
2020-01-27 07:00:00,0.0
2020-01-27 08:00:00,0.0
2020-01-27 09:00:00,0.0
2020-01-27 10:00:00,0.0
2020-01-27 11:00:00,0.0
2020-01-27 12:00:00,0.0
2020-01-27 13:00:00,0.0
2020-01-27 14:00:00,0.0
2020-01-27 15:00:00,0.0
2020-01-27 16:00:00,0.0
2020-01-27 17:00:00,0.0
2020-01-27 18:00:00,0.0
2020-01-27 19:00:00,0.0
2020-01-27 20:00:00,0.0
2020-01-27 21:00:00,0.0
2020-01-27 22:00:00,0.0
2020-01-27 23:00:00,0.0
2020-01-28 00:00:00,0.0
2020-01-28 01:00:00,0.0
2020-01-28 02:00:00,0.0
2020-01-28 03:00:00,0.0
2020-01-28 04:00:00,0.0
2020-01-28 05:00:00,0.0
2020-01-28 06:00:00,0.0
2020-01-28 07:00:00,0.0
2020-01-28 08:00:00,0.0
2020-01-28 09:00:00,0.0
2020-01-28 10:00:00,0.0
2020-01-28 11:00:00,0.0
2020-01-28 12:00:00,0.0
2020-01-28 13:00:00,0.0
2020-01-28 14:00:00,0.0
2020-01-28 15:00:00,0.0
2020-01-28 16:00:00,0.0
2020-01-28 17:00:00,0.0
2020-01-28 18:00:00,0.0
2020-01-28 19:00:00,0.0
2020-01-28 20:00:00,0.0
2020-01-28 21:00:00,0.0
2020-01-28 22:00:00,0.0
2020-01-28 23:00:00,0.0
2020-01-29 00:00:00,0.0
2020-01-29 01:00:00,0.0
2020-01-29 02:00:00,0.0
2020-01-29 03:00:00,0.0
2020-01-29 04:00:00,0.0
2020-01-29 05:00:00,0.0
2020-01-29 06:00:00,0.0
2020-01-29 07:00:00,0.0
2020-01-29 08:00:00,0.0
2020-01-29 09:00:00,0.0
2020-01-29 10:00:00,0.0
2020-01-29 11:00:00,0.0
2020-01-29 12:00:00,0.0
2020-01-29 13:00:00,0.0
2020-01-29 14:00:00,0.0
2020-01-29 15:00:00,0.0
2020-01-29 16:00:00,0.0
2020-01-29 17:00:00,0.0
2020-01-29 18:00:00,0.0
2020-01-29 19:00:00,0.0
2020-01-29 20:00:00,0.0
2020-01-29 21:00:00,0.0
2020-01-29 22:00:00,0.0
2020-01-29 23:00:00,0.0
2020-01-30 00:00:00,0.0
2020-01-30 01:00:00,0.0
2020-01-30 02:00:00,0.0
2020-01-30 03:00:00,0.0
2020-01-30 04:00:00,0.0
2020-01-30 05:00:00,0.0
2020-01-30 06:00:00,0.0
2020-01-30 07:00:00,0.0
2020-01-30 08:00:00,0.0
2020-01-30 09:00:00,0.0
2020-01-30 10:00:00,0.0
2020-01-30 11:00:00,0.0
2020-01-30 12:00:00,0.0
2020-01-30 13:00:00,0.0
2020-01-30 14:00:00,0.0
2020-01-30 15:00:00,0.0
2020-01-30 16:00:00,0.0
2020-01-30 17:00:00,0.0
2020-01-30 18:00:00,0.0
2020-01-30 19:00:00,0.0
2020-01-30 20:00:00,0.0
2020-01-30 21:00:00,0.0
2020-01-30 22:00:00,0.0
2020-01-30 23:00:00,0.0
2020-01-31 00:00:00,0.0
2020-01-31 01:00:00,0.0
2020-01-31 02:00:00,0.0
2020-01-31 03:00:00,0.0
2020-01-31 04:00:00,0.0
2020-01-31 05:00:00,0.0
2020-01-31 06:00:00,0.0
2020-01-31 07:00:00,0.0
2020-01-31 08:00:00,0.0
2020-01-31 09:00:00,0.0
2020-01-31 10:00:00,0.0
2020-01-31 11:00:00,0.0
2020-01-31 12:00:00,0.0
2020-01-31 13:00:00,0.0
2020-01-31 14:00:00,0.0
2020-01-31 15:00:00,0.0
2020-01-31 16:00:00,0.0
2020-01-31 17:00:00,0.0
2020-01-31 18:00:00,0.0
2020-01-31 19:00:00,0.0
2020-01-31 20:00:00,0.0
2020-01-31 21:00:00,0.0
2020-01-31 22:00:00,0.0
2020-01-31 23:00:00,0.0
2020-02-01 00:00:00,0.0
2020-02-01 01:00:00,0.0
2020-02-01 02:00:00,0.0
2020-02-01 03:00:00,0.0
2020-02-01 04:00:00,0.0
2020-02-01 05:00:00,0.0
2020-02-01 06:00:00,0.0
2020-02-01 07:00:00,0.0
2020-02-01 08:00:00,0.0
2020-02-01 09:00:00,0.0
2020-02-01 10:00:00,0.0
2020-02-01 11:00:00,0.0
2020-02-01 12:00:00,0.0
2020-02-01 13:00:00,0.0
2020-02-01 14:00:00,0.0
2020-02-01 15:00:00,0.0
2020-02-01 16:00:00,0.0
2020-02-01 17:00:00,0.0
2020-02-01 18:00:00,0.0
2020-02-01 19:00:00,0.0
2020-02-01 20:00:00,0.0
2020-02-01 21:00:00,0.0
2020-02-01 22:00:00,0.0
2020-02-01 23:00:00,0.0
2020-02-02 00:00:00,0.0
2020-02-02 01:00:00,0.0
2020-02-02 02:00:00,0.0
2020-02-02 03:00:00,0.0
2020-02-02 04:00:00,0.0
2020-02-02 05:00:00,0.0
2020-02-02 06:00:00,0.0
2020-02-02 07:00:00,0.0
2020-02-02 08:00:00,0.0
2020-02-02 09:00:00,0.0
2020-02-02 10:00:00,0.0
2020-02-02 11:00:00,0.0
2020-02-02 12:00:00,0.0
2020-02-02 13:00:00,0.0
2020-02-02 14:00:00,0.0
2020-02-02 15:00:00,0.0
2020-02-02 16:00:00,0.0
2020-02-02 17:00:00,0.0
2020-02-02 18:00:00,0.0
2020-02-02 19:00:00,0.0
2020-02-02 20:00:00,0.0
2020-02-02 21:00:00,0.0
2020-02-02 22:00:00,0.0
2020-02-02 23:00:00,0.0
2020-02-03 00:00:00,0.0
2020-02-03 01:00:00,0.0
2020-02-03 02:00:00,0.0
2020-02-03 03:00:00,0.0
2020-02-03 04:00:00,0.0
2020-02-03 05:00:00,0.0
2020-02-03 06:00:00,0.0
2020-02-03 07:00:00,0.0
2020-02-03 08:00:00,0.0
2020-02-03 09:00:00,0.0
2020-02-03 10:00:00,0.0
2020-02-03 11:00:00,0.0
2020-02-03 12:00:00,0.0
2020-02-03 13:00:00,0.0
2020-02-03 14:00:00,0.0
2020-02-03 15:00:00,0.0
2020-02-03 16:00:00,0.0
2020-02-03 17:00:00,0.0
2020-02-03 18:00:00,0.0
2020-02-03 19:00:00,0.0
2020-02-03 20:00:00,0.0
2020-02-03 21:00:00,0.0
2020-02-03 22:00:00,0.0
2020-02-03 23:00:00,0.0
2020-02-04 00:00:00,0.0
2020-02-04 01:00:00,0.0
2020-02-04 02:00:00,0.0
2020-02-04 03:00:00,0.0
2020-02-04 04:00:00,0.0
2020-02-04 05:00:00,0.0
2020-02-04 06:00:00,0.0
2020-02-04 07:00:00,0.0
2020-02-04 08:00:00,0.0
2020-02-04 09:00:00,0.0
2020-02-04 10:00:00,0.0
2020-02-04 11:00:00,0.0
2020-02-04 12:00:00,0.0
2020-02-04 13:00:00,0.0
2020-02-04 14:00:00,0.0
2020-02-04 15:00:00,0.0
2020-02-04 16:00:00,0.0
2020-02-04 17:00:00,0.0
2020-02-04 18:00:00,0.0
2020-02-04 19:00:00,0.0
2020-02-04 20:00:00,0.0
2020-02-04 21:00:00,0.0
2020-02-04 22:00:00,0.0
2020-02-04 23:00:00,0.0
2020-02-05 00:00:00,0.0
2020-02-05 01:00:00,0.0
2020-02-05 02:00:00,0.0
2020-02-05 03:00:00,0.0
2020-02-05 04:00:00,0.0
2020-02-05 05:00:00,0.0
2020-02-05 06:00:00,0.0
2020-02-05 07:00:00,0.0
2020-02-05 08:00:00,0.0
2020-02-05 09:00:00,0.0
2020-02-05 10:00:00,0.0
2020-02-05 11:00:00,0.0
2020-02-05 12:00:00,0.0
2020-02-05 13:00:00,0.0
2020-02-05 14:00:00,0.0
2020-02-05 15:00:00,0.0
2020-02-05 16:00:00,0.0
2020-02-05 17:00:00,0.0
2020-02-05 18:00:00,0.0
2020-02-05 19:00:00,0.0
2020-02-05 20:00:00,0.0
2020-02-05 21:00:00,0.0
2020-02-05 22:00:00,0.0
2020-02-05 23:00:00,0.0
2020-02-06 00:00:00,0.0
2020-02-06 01:00:00,0.0
2020-02-06 02:00:00,0.0
2020-02-06 03:00:00,0.0
2020-02-06 04:00:00,0.0
2020-02-06 05:00:00,0.0
2020-02-06 06:00:00,0.0
2020-02-06 07:00:00,0.0
2020-02-06 08:00:00,0.0
2020-02-06 09:00:00,0.0
2020-02-06 10:00:00,0.0
2020-02-06 11:00:00,0.0
2020-02-06 12:00:00,0.0
2020-02-06 13:00:00,0.0
2020-02-06 14:00:00,0.0
2020-02-06 15:00:00,0.0
2020-02-06 16:00:00,0.0
2020-02-06 17:00:00,0.0
2020-02-06 18:00:00,0.0
2020-02-06 19:00:00,0.0
2020-02-06 20:00:00,0.0
2020-02-06 21:00:00,0.0
2020-02-06 22:00:00,0.0
2020-02-06 23:00:00,0.0
2020-02-07 00:00:00,0.0
2020-02-07 01:00:00,0.0
2020-02-07 02:00:00,0.0
2020-02-07 03:00:00,0.0
2020-02-07 04:00:00,0.0
2020-02-07 05:00:00,0.0
2020-02-07 06:00:00,0.0
2020-02-07 07:00:00,0.0
2020-02-07 08:00:00,0.0
2020-02-07 09:00:00,0.0
2020-02-07 10:00:00,0.0
2020-02-07 11:00:00,0.0
2020-02-07 12:00:00,0.0
2020-02-07 13:00:00,0.0
2020-02-07 14:00:00,0.0
2020-02-07 15:00:00,0.0
2020-02-07 16:00:00,0.0
2020-02-07 17:00:00,0.0
2020-02-07 18:00:00,0.0
2020-02-07 19:00:00,0.0
2020-02-07 20:00:00,0.0
2020-02-07 21:00:00,0.0
2020-02-07 22:00:00,0.0
2020-02-07 23:00:00,0.0
2020-02-08 00:00:00,0.0
2020-02-08 01:00:00,0.0
2020-02-08 02:00:00,0.0
2020-02-08 03:00:00,0.0
2020-02-08 04:00:00,0.0
2020-02-08 05:00:00,0.0
2020-02-08 06:00:00,0.0
2020-02-08 07:00:00,0.0
2020-02-08 08:00:00,0.0
2020-02-08 09:00:00,0.0
2020-02-08 10:00:00,0.0
2020-02-08 11:00:00,0.0
2020-02-08 12:00:00,0.0
2020-02-08 13:00:00,0.0
2020-02-08 14:00:00,0.0
2020-02-08 15:00:00,0.0
2020-02-08 16:00:00,0.0
2020-02-08 17:00:00,0.0
2020-02-08 18:00:00,0.0
2020-02-08 19:00:00,0.0
2020-02-08 20:00:00,0.0
2020-02-08 21:00:00,0.0
2020-02-08 22:00:00,0.0
2020-02-08 23:00:00,0.0
2020-02-09 00:00:00,0.0
2020-02-09 01:00:00,0.0
2020-02-09 02:00:00,0.0
2020-02-09 03:00:00,0.0
2020-02-09 04:00:00,0.0
2020-02-09 05:00:00,0.0
2020-02-09 06:00:00,0.0
2020-02-09 07:00:00,0.0
2020-02-09 08:00:00,0.0
2020-02-09 09:00:00,0.0
2020-02-09 10:00:00,0.0
2020-02-09 11:00:00,0.0
2020-02-09 12:00:00,0.0
2020-02-09 13:00:00,0.0
2020-02-09 14:00:00,0.0
2020-02-09 15:00:00,0.0
2020-02-09 16:00:00,0.0
2020-02-09 17:00:00,0.0
2020-02-09 18:00:00,0.0
2020-02-09 19:00:00,0.0
2020-02-09 20:00:00,0.0
2020-02-09 21:00:00,0.0
2020-02-09 22:00:00,0.0
2020-02-09 23:00:00,0.0
2020-02-10 00:00:00,0.0
2020-02-10 01:00:00,0.0
2020-02-10 02:00:00,0.0
2020-02-10 03:00:00,0.0
2020-02-10 04:00:00,0.0
2020-02-10 05:00:00,0.0
2020-02-10 06:00:00,0.0
2020-02-10 07:00:00,0.0
2020-02-10 08:00:00,0.0
2020-02-10 09:00:00,0.0
2020-02-10 10:00:00,0.0
2020-02-10 11:00:00,0.0
2020-02-10 12:00:00,0.0
2020-02-10 13:00:00,0.0
2020-02-10 14:00:00,0.0
2020-02-10 15:00:00,0.0
2020-02-10 16:00:00,0.0
2020-02-10 17:00:00,0.0
2020-02-10 18:00:00,0.0
2020-02-10 19:00:00,0.0
2020-02-10 20:00:00,0.0
2020-02-10 21:00:00,0.0
2020-02-10 22:00:00,0.0
2020-02-10 23:00:00,0.0
2020-02-11 00:00:00,0.0
2020-02-11 01:00:00,0.0
2020-02-11 02:00:00,0.0
2020-02-11 03:00:00,0.0
2020-02-11 04:00:00,0.0
2020-02-11 05:00:00,0.0
2020-02-11 06:00:00,0.0
2020-02-11 07:00:00,0.0
2020-02-11 08:00:00,0.0
2020-02-11 09:00:00,0.0
2020-02-11 10:00:00,0.0
2020-02-11 11:00:00,0.0
2020-02-11 12:00:00,0.0
2020-02-11 13:00:00,0.0
2020-02-11 14:00:00,0.0
2020-02-11 15:00:00,0.0
2020-02-11 16:00:00,0.0
2020-02-11 17:00:00,0.0
2020-02-11 18:00:00,0.0
2020-02-11 19:00:00,0.0
2020-02-11 20:00:00,0.0
2020-02-11 21:00:00,0.0
2020-02-11 22:00:00,0.0
2020-02-11 23:00:00,0.0
2020-02-12 00:00:00,0.0
2020-02-12 01:00:00,0.0
2020-02-12 02:00:00,0.0
2020-02-12 03:00:00,0.0
2020-02-12 04:00:00,0.0
2020-02-12 05:00:00,0.0
2020-02-12 06:00:00,0.0
2020-02-12 07:00:00,0.0
2020-02-12 08:00:00,0.0
2020-02-12 09:00:00,0.0
2020-02-12 10:00:00,0.0
2020-02-12 11:00:00,0.0
2020-02-12 12:00:00,0.0
2020-02-12 13:00:00,0.0
2020-02-12 14:00:00,0.0
2020-02-12 15:00:00,0.0
2020-02-12 16:00:00,0.0
2020-02-12 17:00:00,0.0
2020-02-12 18:00:00,0.0
2020-02-12 19:00:00,0.0
2020-02-12 20:00:00,0.0
2020-02-12 21:00:00,0.0
2020-02-12 22:00:00,0.0
2020-02-12 23:00:00,0.0
2020-02-13 00:00:00,0.0
2020-02-13 01:00:00,0.0
2020-02-13 02:00:00,0.0
2020-02-13 03:00:00,0.0
2020-02-13 04:00:00,0.0
2020-02-13 05:00:00,0.0
2020-02-13 06:00:00,0.0
2020-02-13 07:00:00,0.0
2020-02-13 08:00:00,0.0
2020-02-13 09:00:00,0.0
2020-02-13 10:00:00,0.0
2020-02-13 11:00:00,0.0
2020-02-13 12:00:00,0.0
2020-02-13 13:00:00,0.0
2020-02-13 14:00:00,0.0
2020-02-13 15:00:00,0.0
2020-02-13 16:00:00,0.0
2020-02-13 17:00:00,0.0
2020-02-13 18:00:00,0.0
2020-02-13 19:00:00,0.0
2020-02-13 20:00:00,0.0
2020-02-13 21:00:00,0.0
2020-02-13 22:00:00,0.0
2020-02-13 23:00:00,0.0
2020-02-14 00:00:00,0.0
2020-02-14 01:00:00,0.0
2020-02-14 02:00:00,0.0
2020-02-14 03:00:00,0.0
2020-02-14 04:00:00,0.0
2020-02-14 05:00:00,0.0
2020-02-14 06:00:00,0.0
2020-02-14 07:00:00,0.0
2020-02-14 08:00:00,0.0
2020-02-14 09:00:00,0.0
2020-02-14 10:00:00,0.0
2020-02-14 11:00:00,0.0
2020-02-14 12:00:00,0.0
2020-02-14 13:00:00,0.0
2020-02-14 14:00:00,0.0
2020-02-14 15:00:00,0.0
2020-02-14 16:00:00,0.0
2020-02-14 17:00:00,0.0
2020-02-14 18:00:00,0.0
2020-02-14 19:00:00,0.0
2020-02-14 20:00:00,0.0
2020-02-14 21:00:00,0.0
2020-02-14 22:00:00,0.0
2020-02-14 23:00:00,0.0
2020-02-15 00:00:00,0.0
2020-02-15 01:00:00,0.0
2020-02-15 02:00:00,0.0
2020-02-15 03:00:00,0.0
2020-02-15 04:00:00,0.0
2020-02-15 05:00:00,0.0
2020-02-15 06:00:00,0.0
2020-02-15 07:00:00,0.0
2020-02-15 08:00:00,0.0
2020-02-15 09:00:00,0.0
2020-02-15 10:00:00,0.0
2020-02-15 11:00:00,0.0
2020-02-15 12:00:00,0.0
2020-02-15 13:00:00,0.0
2020-02-15 14:00:00,0.0
2020-02-15 15:00:00,0.0
2020-02-15 16:00:00,0.0
2020-02-15 17:00:00,0.0
2020-02-15 18:00:00,0.0
2020-02-15 19:00:00,0.0
2020-02-15 20:00:00,0.0
2020-02-15 21:00:00,0.0
2020-02-15 22:00:00,0.0
2020-02-15 23:00:00,0.0
2020-02-16 00:00:00,0.0
2020-02-16 01:00:00,0.0
2020-02-16 02:00:00,0.0
2020-02-16 03:00:00,0.0
2020-02-16 04:00:00,0.0
2020-02-16 05:00:00,0.0
2020-02-16 06:00:00,0.0
2020-02-16 07:00:00,0.0
2020-02-16 08:00:00,0.0
2020-02-16 09:00:00,0.0
2020-02-16 10:00:00,0.0
2020-02-16 11:00:00,0.0
2020-02-16 12:00:00,0.0
2020-02-16 13:00:00,0.0
2020-02-16 14:00:00,0.0
2020-02-16 15:00:00,0.0
2020-02-16 16:00:00,0.0
2020-02-16 17:00:00,0.0
2020-02-16 18:00:00,0.0
2020-02-16 19:00:00,0.0
2020-02-16 20:00:00,0.0
2020-02-16 21:00:00,0.0
2020-02-16 22:00:00,0.0
2020-02-16 23:00:00,0.0
2020-02-17 00:00:00,0.0
2020-02-17 01:00:00,0.0
2020-02-17 02:00:00,0.0
2020-02-17 03:00:00,0.0
2020-02-17 04:00:00,0.0
2020-02-17 05:00:00,0.0
2020-02-17 06:00:00,0.0
2020-02-17 07:00:00,0.0
2020-02-17 08:00:00,0.0
2020-02-17 09:00:00,0.0
2020-02-17 10:00:00,0.0
2020-02-17 11:00:00,0.0
2020-02-17 12:00:00,0.0
2020-02-17 13:00:00,0.0
2020-02-17 14:00:00,0.0
2020-02-17 15:00:00,0.0
2020-02-17 16:00:00,0.0
2020-02-17 17:00:00,0.0
2020-02-17 18:00:00,0.0
2020-02-17 19:00:00,0.0
2020-02-17 20:00:00,0.0
2020-02-17 21:00:00,0.0
2020-02-17 22:00:00,0.0
2020-02-17 23:00:00,0.0
2020-02-18 00:00:00,0.0
2020-02-18 01:00:00,0.0
2020-02-18 02:00:00,0.0
2020-02-18 03:00:00,0.0
2020-02-18 04:00:00,0.0
2020-02-18 05:00:00,0.0
2020-02-18 06:00:00,0.0
2020-02-18 07:00:00,0.0
2020-02-18 08:00:00,0.0
2020-02-18 09:00:00,0.0
2020-02-18 10:00:00,0.0
2020-02-18 11:00:00,0.0
2020-02-18 12:00:00,0.0
2020-02-18 13:00:00,0.0
2020-02-18 14:00:00,0.0
2020-02-18 15:00:00,0.0
2020-02-18 16:00:00,0.0
2020-02-18 17:00:00,0.0
2020-02-18 18:00:00,0.0
2020-02-18 19:00:00,0.0
2020-02-18 20:00:00,0.0
2020-02-18 21:00:00,0.0
2020-02-18 22:00:00,0.0
2020-02-18 23:00:00,0.0
2020-02-19 00:00:00,0.0
2020-02-19 01:00:00,0.0
2020-02-19 02:00:00,0.0
2020-02-19 03:00:00,0.0
2020-02-19 04:00:00,0.0
2020-02-19 05:00:00,0.0
2020-02-19 06:00:00,0.0
2020-02-19 07:00:00,0.0
2020-02-19 08:00:00,0.0
2020-02-19 09:00:00,0.0
2020-02-19 10:00:00,0.0
2020-02-19 11:00:00,0.0
2020-02-19 12:00:00,0.0
2020-02-19 13:00:00,0.0
2020-02-19 14:00:00,0.0
2020-02-19 15:00:00,0.0
2020-02-19 16:00:00,0.0
2020-02-19 17:00:00,0.0
2020-02-19 18:00:00,0.0
2020-02-19 19:00:00,0.0
2020-02-19 20:00:00,0.0
2020-02-19 21:00:00,0.0
2020-02-19 22:00:00,0.0
2020-02-19 23:00:00,0.0
2020-02-20 00:00:00,0.0
2020-02-20 01:00:00,0.0
2020-02-20 02:00:00,0.0
2020-02-20 03:00:00,0.0
2020-02-20 04:00:00,0.0
2020-02-20 05:00:00,0.0
2020-02-20 06:00:00,0.0
2020-02-20 07:00:00,0.0
2020-02-20 08:00:00,0.0
2020-02-20 09:00:00,0.0
2020-02-20 10:00:00,0.0
2020-02-20 11:00:00,0.0
2020-02-20 12:00:00,0.0
2020-02-20 13:00:00,0.0
2020-02-20 14:00:00,0.0
2020-02-20 15:00:00,0.0
2020-02-20 16:00:00,0.0
2020-02-20 17:00:00,0.0
2020-02-20 18:00:00,0.0
2020-02-20 19:00:00,0.0
2020-02-20 20:00:00,0.0
2020-02-20 21:00:00,0.0
2020-02-20 22:00:00,0.0
2020-02-20 23:00:00,0.0
2020-02-21 00:00:00,0.0
2020-02-21 01:00:00,0.0
2020-02-21 02:00:00,0.0
2020-02-21 03:00:00,0.0
2020-02-21 04:00:00,0.0
2020-02-21 05:00:00,0.0
2020-02-21 06:00:00,0.0
2020-02-21 07:00:00,0.0
2020-02-21 08:00:00,0.0
2020-02-21 09:00:00,0.0
2020-02-21 10:00:00,0.0
2020-02-21 11:00:00,0.0
2020-02-21 12:00:00,0.0
2020-02-21 13:00:00,0.0
2020-02-21 14:00:00,0.0
2020-02-21 15:00:00,0.0
2020-02-21 16:00:00,0.0
2020-02-21 17:00:00,0.0
2020-02-21 18:00:00,0.0
2020-02-21 19:00:00,0.0
2020-02-21 20:00:00,0.0
2020-02-21 21:00:00,0.0
2020-02-21 22:00:00,0.0
2020-02-21 23:00:00,0.0
2020-02-22 00:00:00,0.0
2020-02-22 01:00:00,0.0
2020-02-22 02:00:00,0.0
2020-02-22 03:00:00,0.0
2020-02-22 04:00:00,0.0
2020-02-22 05:00:00,0.0
2020-02-22 06:00:00,0.0
2020-02-22 07:00:00,0.0
2020-02-22 08:00:00,0.0
2020-02-22 09:00:00,0.0
2020-02-22 10:00:00,0.0
2020-02-22 11:00:00,0.0
2020-02-22 12:00:00,0.0
2020-02-22 13:00:00,0.0
2020-02-22 14:00:00,0.0
2020-02-22 15:00:00,0.0
2020-02-22 16:00:00,0.0
2020-02-22 17:00:00,0.0
2020-02-22 18:00:00,0.0
2020-02-22 19:00:00,0.0
2020-02-22 20:00:00,0.0
2020-02-22 21:00:00,0.0
2020-02-22 22:00:00,0.0
2020-02-22 23:00:00,0.0
2020-02-23 00:00:00,0.0
2020-02-23 01:00:00,0.0
2020-02-23 02:00:00,0.0
2020-02-23 03:00:00,0.0
2020-02-23 04:00:00,0.0
2020-02-23 05:00:00,0.0
2020-02-23 06:00:00,0.0
2020-02-23 07:00:00,0.0
2020-02-23 08:00:00,0.0
2020-02-23 09:00:00,0.0
2020-02-23 10:00:00,0.0
2020-02-23 11:00:00,0.0
2020-02-23 12:00:00,0.0
2020-02-23 13:00:00,0.0
2020-02-23 14:00:00,0.0
2020-02-23 15:00:00,0.0
2020-02-23 16:00:00,0.0
2020-02-23 17:00:00,0.0
2020-02-23 18:00:00,0.0
2020-02-23 19:00:00,0.0
2020-02-23 20:00:00,0.0
2020-02-23 21:00:00,0.0
2020-02-23 22:00:00,0.0
2020-02-23 23:00:00,0.0
2020-02-24 00:00:00,0.0
2020-02-24 01:00:00,0.0
2020-02-24 02:00:00,0.0
2020-02-24 03:00:00,0.0
2020-02-24 04:00:00,0.0
2020-02-24 05:00:00,0.0
2020-02-24 06:00:00,0.0
2020-02-24 07:00:00,0.0
2020-02-24 08:00:00,0.0
2020-02-24 09:00:00,0.0
2020-02-24 10:00:00,0.0
2020-02-24 11:00:00,0.0
2020-02-24 12:00:00,0.0
2020-02-24 13:00:00,0.0
2020-02-24 14:00:00,0.0
2020-02-24 15:00:00,0.0
2020-02-24 16:00:00,0.0
2020-02-24 17:00:00,0.0
2020-02-24 18:00:00,0.0
2020-02-24 19:00:00,0.0
2020-02-24 20:00:00,0.0
2020-02-24 21:00:00,0.0
2020-02-24 22:00:00,0.0
2020-02-24 23:00:00,0.0
2020-02-25 00:00:00,0.0
2020-02-25 01:00:00,0.0
2020-02-25 02:00:00,0.0
2020-02-25 03:00:00,0.0
2020-02-25 04:00:00,0.0
2020-02-25 05:00:00,0.0
2020-02-25 06:00:00,0.0
2020-02-25 07:00:00,0.0
2020-02-25 08:00:00,0.0
2020-02-25 09:00:00,0.0
2020-02-25 10:00:00,0.0
2020-02-25 11:00:00,0.0
2020-02-25 12:00:00,0.0
2020-02-25 13:00:00,0.0
2020-02-25 14:00:00,0.0
2020-02-25 15:00:00,0.0
2020-02-25 16:00:00,0.0
2020-02-25 17:00:00,0.0
2020-02-25 18:00:00,0.0
2020-02-25 19:00:00,0.0
2020-02-25 20:00:00,0.0
2020-02-25 21:00:00,0.0
2020-02-25 22:00:00,0.0
2020-02-25 23:00:00,0.0
2020-02-26 00:00:00,0.0
2020-02-26 01:00:00,0.0
2020-02-26 02:00:00,0.0
2020-02-26 03:00:00,0.0
2020-02-26 04:00:00,0.0
2020-02-26 05:00:00,0.0
2020-02-26 06:00:00,0.0
2020-02-26 07:00:00,0.0
2020-02-26 08:00:00,0.0
2020-02-26 09:00:00,0.0
2020-02-26 10:00:00,0.0
2020-02-26 11:00:00,0.0
2020-02-26 12:00:00,0.0
2020-02-26 13:00:00,0.0
2020-02-26 14:00:00,0.0
2020-02-26 15:00:00,0.0
2020-02-26 16:00:00,0.0
2020-02-26 17:00:00,0.0
2020-02-26 18:00:00,0.0
2020-02-26 19:00:00,0.0
2020-02-26 20:00:00,0.0
2020-02-26 21:00:00,0.0
2020-02-26 22:00:00,0.0
2020-02-26 23:00:00,0.0
2020-02-27 00:00:00,0.0
2020-02-27 01:00:00,0.0
2020-02-27 02:00:00,0.0
2020-02-27 03:00:00,0.0
2020-02-27 04:00:00,0.0
2020-02-27 05:00:00,0.0
2020-02-27 06:00:00,0.0
2020-02-27 07:00:00,0.0
2020-02-27 08:00:00,0.0
2020-02-27 09:00:00,0.0
2020-02-27 10:00:00,0.0
2020-02-27 11:00:00,0.0
2020-02-27 12:00:00,0.0
2020-02-27 13:00:00,0.0
2020-02-27 14:00:00,0.0
2020-02-27 15:00:00,0.0
2020-02-27 16:00:00,0.0
2020-02-27 17:00:00,0.0
2020-02-27 18:00:00,0.0
2020-02-27 19:00:00,0.0
2020-02-27 20:00:00,0.0
2020-02-27 21:00:00,0.0
2020-02-27 22:00:00,0.0
2020-02-27 23:00:00,0.0
2020-02-28 00:00:00,0.0
2020-02-28 01:00:00,0.0
2020-02-28 02:00:00,0.0
2020-02-28 03:00:00,0.0
2020-02-28 04:00:00,0.05872574995
2020-02-28 05:00:00,0.081841
2020-02-28 06:00:00,1.67073449995
2020-02-28 07:00:00,2.657750499925
2020-02-28 08:00:00,2.323627249975
2020-02-28 09:00:00,0.69612599995
2020-02-28 10:00:00,2.78717374995
2020-02-28 11:00:00,4.831106999999999
2020-02-28 12:00:00,2.9162309999750002
2020-02-28 13:00:00,0.879669249925
2020-02-28 14:00:00,2.51938024995
2020-02-28 15:00:00,2.7058675
2020-02-28 16:00:00,0.07236575
2020-02-28 17:00:00,0.17931424997499998
2020-02-28 18:00:00,0.0
2020-02-28 19:00:00,0.5075119999500001
2020-02-28 20:00:00,0.413744749975
2020-02-28 21:00:00,7.988727749975
2020-02-28 22:00:00,16.31434249995
2020-02-28 23:00:00,17.656509999975
2020-02-29 00:00:00,17.534812499975
2020-02-29 01:00:00,17.58694499995
2020-02-29 02:00:00,16.497935000000002
2020-02-29 03:00:00,13.845812500000001
2020-02-29 04:00:00,19.146357499974997
2020-02-29 05:00:00,24.30493249995
2020-02-29 06:00:00,29.220534999925
2020-02-29 07:00:00,34.51402749995
2020-02-29 08:00:00,37.121782499925004
2020-02-29 09:00:00,36.193037499925
2020-02-29 10:00:00,39.096552499975
2020-02-29 11:00:00,43.611977499975
2020-02-29 12:00:00,48.37061749995
2020-02-29 13:00:00,50.44989249992499
2020-02-29 14:00:00,51.490779999924996
2020-02-29 15:00:00,51.85941249995
2020-02-29 16:00:00,50.705094999924995
2020-02-29 17:00:00,49.051022499925
2020-02-29 18:00:00,23.847186999924997
2020-02-29 19:00:00,0.0
2020-02-29 20:00:00,0.0
2020-02-29 21:00:00,0.0
2020-02-29 22:00:00,0.0
2020-02-29 23:00:00,0.0
2020-03-01 00:00:00,0.84506075
2020-03-01 01:00:00,20.492076499975
2020-03-01 02:00:00,36.272877499974996
2020-03-01 03:00:00,35.30839749995
2020-03-01 04:00:00,33.784392499925
2020-03-01 05:00:00,32.317004999975
2020-03-01 06:00:00,32.368979999975
2020-03-01 07:00:00,30.061964999949996
2020-03-01 08:00:00,29.278947499974997
2020-03-01 09:00:00,23.584512499975
2020-03-01 10:00:00,22.858107499975
2020-03-01 11:00:00,16.984192499975
2020-03-01 12:00:00,12.876152499975
2020-03-01 13:00:00,20.255287499974997
2020-03-01 14:00:00,29.004342499975
2020-03-01 15:00:00,25.581234999975
2020-03-01 16:00:00,14.933692499925
2020-03-01 17:00:00,14.154707499975
2020-03-01 18:00:00,13.3437025
2020-03-01 19:00:00,9.815491499925
2020-03-01 20:00:00,16.8484875
2020-03-01 21:00:00,23.070327499949997
2020-03-01 22:00:00,20.0795425
2020-03-01 23:00:00,19.385025000000002
2020-03-02 00:00:00,13.936108999924999
2020-03-02 01:00:00,16.356319999975
2020-03-02 02:00:00,14.22512749995
2020-03-02 03:00:00,18.04194749995
2020-03-02 04:00:00,32.615347499975
2020-03-02 05:00:00,21.975475
2020-03-02 06:00:00,21.681037499949998
2020-03-02 07:00:00,28.724944999949997
2020-03-02 08:00:00,27.388489999975
2020-03-02 09:00:00,31.208194999924995
2020-03-02 10:00:00,16.589543249975
2020-03-02 11:00:00,5.509539749999999
2020-03-02 12:00:00,7.96676899995
2020-03-02 13:00:00,1.0043492499250002
2020-03-02 14:00:00,4.289825499999999
2020-03-02 15:00:00,2.081784249975
2020-03-02 16:00:00,0.0
2020-03-02 17:00:00,0.0
2020-03-02 18:00:00,0.0
2020-03-02 19:00:00,0.824738249975
2020-03-02 20:00:00,7.9561377499749995
2020-03-02 21:00:00,13.4187792499
2020-03-02 22:00:00,11.22207474995
2020-03-02 23:00:00,12.283217499974999
2020-03-03 00:00:00,16.4604
2020-03-03 01:00:00,26.60253499995
2020-03-03 02:00:00,30.298374999975
2020-03-03 03:00:00,32.144237499949995
2020-03-03 04:00:00,21.340997499975
2020-03-03 05:00:00,10.578880749949999
2020-03-03 06:00:00,11.828496749975
2020-03-03 07:00:00,36.403234999975
2020-03-03 08:00:00,5.23129374995
2020-03-03 09:00:00,2.104601749925
2020-03-03 10:00:00,0.39559774999999997
2020-03-03 11:00:00,5.211824999975001
2020-03-03 12:00:00,5.39302699995
2020-03-03 13:00:00,3.6192292499250005
2020-03-03 14:00:00,2.280225749925
2020-03-03 15:00:00,2.89722725
2020-03-03 16:00:00,2.524996499975
2020-03-03 17:00:00,10.170546250000001
2020-03-03 18:00:00,11.705039999975
2020-03-03 19:00:00,13.726027499974998
2020-03-03 20:00:00,19.542087499925
2020-03-03 21:00:00,22.113604999975
2020-03-03 22:00:00,23.304417499950002
2020-03-03 23:00:00,41.786669999924996
2020-03-04 00:00:00,36.030484999975
2020-03-04 01:00:00,43.650162499925
2020-03-04 02:00:00,42.536079999950005
2020-03-04 03:00:00,50.703762499975
2020-03-04 04:00:00,48.799559999975
2020-03-04 05:00:00,41.761594999950006
2020-03-04 06:00:00,38.025384999974996
2020-03-04 07:00:00,36.683192499925
2020-03-04 08:00:00,37.441287499975004
2020-03-04 09:00:00,31.608118499949995
2020-03-04 10:00:00,7.944163999924999
2020-03-04 11:00:00,12.967144999975
2020-03-04 12:00:00,38.43721
2020-03-04 13:00:00,44.296177499925
2020-03-04 14:00:00,46.08168249995
2020-03-04 15:00:00,47.00332499997499
2020-03-04 16:00:00,35.791299999974996
2020-03-04 17:00:00,37.660222499925
2020-03-04 18:00:00,49.522532499899995
2020-03-04 19:00:00,45.62646999992499
2020-03-04 20:00:00,37.92126249995
2020-03-04 21:00:00,31.751759999974993
2020-03-04 22:00:00,20.621144999974998
2020-03-04 23:00:00,6.025808499899999
2020-03-05 00:00:00,3.71851774995
2020-03-05 01:00:00,7.848626249975
2020-03-05 02:00:00,3.80895275
2020-03-05 03:00:00,7.52737049995
2020-03-05 04:00:00,9.054562499974999
2020-03-05 05:00:00,11.6748025
2020-03-05 06:00:00,21.94348249995
2020-03-05 07:00:00,24.777349999925
2020-03-05 08:00:00,9.73452099995
2020-03-05 09:00:00,8.95029249995
2020-03-05 10:00:00,6.762844499975
2020-03-05 11:00:00,8.304346999949999
2020-03-05 12:00:00,10.023506749974999
2020-03-05 13:00:00,13.94518249995
2020-03-05 14:00:00,10.330549999974998
2020-03-05 15:00:00,13.313882499950001
2020-03-05 16:00:00,24.354702499949997
2020-03-05 17:00:00,23.193269999949997
2020-03-05 18:00:00,24.432097499975
2020-03-05 19:00:00,26.022214999950002
2020-03-05 20:00:00,34.654702499975
2020-03-05 21:00:00,37.0641575
2020-03-05 22:00:00,44.290614999949995
2020-03-05 23:00:00,44.037575000000004
2020-03-06 00:00:00,41.50575249995
2020-03-06 01:00:00,32.48329249995
2020-03-06 02:00:00,30.109339999949995
2020-03-06 03:00:00,27.787222499924997
2020-03-06 04:00:00,25.02283249995
2020-03-06 05:00:00,20.601527499899998
2020-03-06 06:00:00,19.67001499995
2020-03-06 07:00:00,16.248939999975
2020-03-06 08:00:00,10.6439345
2020-03-06 09:00:00,9.568308999974999
2020-03-06 10:00:00,7.904243249925001
2020-03-06 11:00:00,5.797213999975
2020-03-06 12:00:00,5.485148499975
2020-03-06 13:00:00,5.330860749975
2020-03-06 14:00:00,6.624256999975
2020-03-06 15:00:00,8.176084249950001
2020-03-06 16:00:00,10.029590999975
2020-03-06 17:00:00,10.310815
2020-03-06 18:00:00,10.795097499974998
2020-03-06 19:00:00,15.474147499925
2020-03-06 20:00:00,29.93011249995
2020-03-06 21:00:00,38.907749999924995
2020-03-06 22:00:00,40.19724499995
2020-03-06 23:00:00,35.936047499975
2020-03-07 00:00:00,34.59408499995
2020-03-07 01:00:00,39.59505
2020-03-07 02:00:00,36.201782499974996
2020-03-07 03:00:00,32.892174999975
2020-03-07 04:00:00,25.143187499975
2020-03-07 05:00:00,25.605659999975
2020-03-07 06:00:00,23.392429999974997
2020-03-07 07:00:00,18.245497499975002
2020-03-07 08:00:00,20.75489
2020-03-07 09:00:00,33.05253249995
2020-03-07 10:00:00,49.180359999924995
2020-03-07 11:00:00,51.197419999925
2020-03-07 12:00:00,52.53203249995
2020-03-07 13:00:00,51.914524999925
2020-03-07 14:00:00,51.7907125
2020-03-07 15:00:00,52.061964999975004
2020-03-07 16:00:00,51.16892999995
2020-03-07 17:00:00,50.203047499975
2020-03-07 18:00:00,48.34567999994999
2020-03-07 19:00:00,50.4239525
2020-03-07 20:00:00,52.37914749989999
2020-03-07 21:00:00,52.931812499925
2020-03-07 22:00:00,52.94168749995
2020-03-07 23:00:00,52.972919999925
2020-03-08 00:00:00,52.898759999975
2020-03-08 01:00:00,52.97330499995
2020-03-08 02:00:00,
2020-03-08 03:00:00,52.96659249997499
2020-03-08 04:00:00,52.983904999924995
2020-03-08 05:00:00,52.999419999924996
2020-03-08 06:00:00,52.96096499995
2020-03-08 07:00:00,52.714145
2020-03-08 08:00:00,52.461287499950004
2020-03-08 09:00:00,52.379062499975
2020-03-08 10:00:00,52.369055
2020-03-08 11:00:00,52.22714999995
2020-03-08 12:00:00,51.15472
2020-03-08 13:00:00,50.455839999949994
2020-03-08 14:00:00,48.291952499975004
2020-03-08 15:00:00,46.975062499975
2020-03-08 16:00:00,47.55350749992499
2020-03-08 17:00:00,50.911284999924995
2020-03-08 18:00:00,51.21440499995
2020-03-08 19:00:00,50.64970749995
2020-03-08 20:00:00,52.8028325
2020-03-08 21:00:00,52.965969999975
2020-03-08 22:00:00,52.89570749995
2020-03-08 23:00:00,52.57273999995
2020-03-09 00:00:00,52.69182749995
2020-03-09 01:00:00,52.639279999975
2020-03-09 02:00:00,49.40034499995
2020-03-09 03:00:00,34.071034999999995
2020-03-09 04:00:00,34.34339249999999
2020-03-09 05:00:00,26.941599999974997
2020-03-09 06:00:00,33.420649999925
2020-03-09 07:00:00,40.687842499975
2020-03-09 08:00:00,33.81462499995
2020-03-09 09:00:00,22.527424999975
2020-03-09 10:00:00,15.4715025
2020-03-09 11:00:00,17.544329999974998
2020-03-09 12:00:00,20.12474749995
2020-03-09 13:00:00,18.158629999925
2020-03-09 14:00:00,16.254449999925
2020-03-09 15:00:00,18.852847499975
2020-03-09 16:00:00,20.86652749995
2020-03-09 17:00:00,13.15668574995
2020-03-09 18:00:00,4.656577249950001
2020-03-09 19:00:00,1.6775
2020-03-09 20:00:00,0.299165249975
2020-03-09 21:00:00,0.0
2020-03-09 22:00:00,0.050715249999999996
2020-03-09 23:00:00,18.6578625
2020-03-10 00:00:00,23.40174
2020-03-10 01:00:00,14.683647499974999
2020-03-10 02:00:00,10.321159499975
2020-03-10 03:00:00,14.09103749995
2020-03-10 04:00:00,16.897064999975
2020-03-10 05:00:00,10.888348749975
2020-03-10 06:00:00,9.813571749975
2020-03-10 07:00:00,9.931502749949999
2020-03-10 08:00:00,11.548764999974999
2020-03-10 09:00:00,6.827520749925
2020-03-10 10:00:00,5.20474424995
2020-03-10 11:00:00,7.7852564999250005
2020-03-10 12:00:00,9.799461749999999
2020-03-10 13:00:00,5.733751249925
2020-03-10 14:00:00,13.887227499975
2020-03-10 15:00:00,17.828525
2020-03-10 16:00:00,15.980937499975001
2020-03-10 17:00:00,12.88001499995
2020-03-10 18:00:00,12.789397499975001
2020-03-10 19:00:00,17.900514999925
2020-03-10 20:00:00,27.561887499975
2020-03-10 21:00:00,34.73566499995
2020-03-10 22:00:00,34.981464999974996
2020-03-10 23:00:00,44.944084999975
2020-03-11 00:00:00,41.263802499975
2020-03-11 01:00:00,37.258924999974994
2020-03-11 02:00:00,38.231789999949996
2020-03-11 03:00:00,33.85011999995
2020-03-11 04:00:00,27.607942499974996
2020-03-11 05:00:00,33.504224999925
2020-03-11 06:00:00,36.301804999925
2020-03-11 07:00:00,36.934554999949995
2020-03-11 08:00:00,26.717557499949997
2020-03-11 09:00:00,14.696915
2020-03-11 10:00:00,9.111391249975
2020-03-11 11:00:00,10.37824474995
2020-03-11 12:00:00,3.8616414999749997
2020-03-11 13:00:00,0.750850249975
2020-03-11 14:00:00,1.813664249975
2020-03-11 15:00:00,4.826137999975
2020-03-11 16:00:00,5.439781249975
2020-03-11 17:00:00,7.40291574995
2020-03-11 18:00:00,8.102604749925
2020-03-11 19:00:00,12.206441749975
2020-03-11 20:00:00,21.32435499995
2020-03-11 21:00:00,31.037904999925
2020-03-11 22:00:00,37.964084999949996
2020-03-11 23:00:00,37.18194249995
2020-03-12 00:00:00,29.07393249995
2020-03-12 01:00:00,32.53457999995
2020-03-12 02:00:00,35.633704999975
2020-03-12 03:00:00,35.790977499975
2020-03-12 04:00:00,38.861339999975
2020-03-12 05:00:00,36.5524474999
2020-03-12 06:00:00,32.223522499975005
2020-03-12 07:00:00,27.181669999925
2020-03-12 08:00:00,19.572652499925002
2020-03-12 09:00:00,14.68712249995
2020-03-12 10:00:00,9.96696949995
2020-03-12 11:00:00,7.3968692499249995
2020-03-12 12:00:00,3.19458549995
2020-03-12 13:00:00,0.8474202499749999
2020-03-12 14:00:00,0.28397924995
2020-03-12 15:00:00,0.1110965
2020-03-12 16:00:00,0.19440674997500001
2020-03-12 17:00:00,0.608239749975
2020-03-12 18:00:00,0.10206424997500001
2020-03-12 19:00:00,0.9570747499500001
2020-03-12 20:00:00,1.00221599995
2020-03-12 21:00:00,2.8173507499250006
2020-03-12 22:00:00,2.2208264999000003
2020-03-12 23:00:00,2.594516999975
2020-03-13 00:00:00,2.34835599995
2020-03-13 01:00:00,5.815149
2020-03-13 02:00:00,15.3208025
2020-03-13 03:00:00,33.78519499995
2020-03-13 04:00:00,40.821844999949995
2020-03-13 05:00:00,36.36628
2020-03-13 06:00:00,27.740582499974998
2020-03-13 07:00:00,33.878072499925
2020-03-13 08:00:00,45.34355499995
2020-03-13 09:00:00,36.057759999999995
2020-03-13 10:00:00,18.044362499975
2020-03-13 11:00:00,11.453914999950001
2020-03-13 12:00:00,14.421754999975002
2020-03-13 13:00:00,13.822042499975
2020-03-13 14:00:00,11.547214999975
2020-03-13 15:00:00,11.246277499975001
2020-03-13 16:00:00,13.315512499975
2020-03-13 17:00:00,12.48639424995
2020-03-13 18:00:00,8.82196524995
2020-03-13 19:00:00,10.67450775
2020-03-13 20:00:00,5.61372399995
2020-03-13 21:00:00,3.9380932500000005
2020-03-13 22:00:00,5.202121249925
2020-03-13 23:00:00,5.5596577499499995
2020-03-14 00:00:00,9.256564499949999
2020-03-14 01:00:00,4.53397149995
2020-03-14 02:00:00,4.19344599995
2020-03-14 03:00:00,11.93833399995
2020-03-14 04:00:00,3.891613499925
2020-03-14 05:00:00,2.43129499995
2020-03-14 06:00:00,4.638202499975
2020-03-14 07:00:00,19.87392749995
2020-03-14 08:00:00,11.101358999950001
2020-03-14 09:00:00,11.789347499975001
2020-03-14 10:00:00,15.258382500000002
2020-03-14 11:00:00,8.77978699995
2020-03-14 12:00:00,7.038728999975
2020-03-14 13:00:00,6.778904999975
2020-03-14 14:00:00,10.742731499975001
2020-03-14 15:00:00,10.975570999999999
2020-03-14 16:00:00,15.041799499949999
2020-03-14 17:00:00,18.732664999975
2020-03-14 18:00:00,16.987292500000002
2020-03-14 19:00:00,11.711269999999999
2020-03-14 20:00:00,9.675304749975002
2020-03-14 21:00:00,13.13341749995
2020-03-14 22:00:00,18.3317174999
2020-03-14 23:00:00,15.938047499975
2020-03-15 00:00:00,20.78798
2020-03-15 01:00:00,19.479887499975
2020-03-15 02:00:00,18.843987499925003
2020-03-15 03:00:00,22.524195
2020-03-15 04:00:00,29.753119999975
2020-03-15 05:00:00,30.3644625
2020-03-15 06:00:00,27.423679999975
2020-03-15 07:00:00,29.018565000000002
2020-03-15 08:00:00,24.237797499924994
2020-03-15 09:00:00,23.62230499995
2020-03-15 10:00:00,23.456019999975
2020-03-15 11:00:00,32.570859999999996
2020-03-15 12:00:00,29.762265000000003
2020-03-15 13:00:00,14.29947
2020-03-15 14:00:00,15.100739999999998
2020-03-15 15:00:00,8.790382749925
2020-03-15 16:00:00,13.9881175
2020-03-15 17:00:00,10.729019499924998
2020-03-15 18:00:00,8.99292475
2020-03-15 19:00:00,6.302994499975
2020-03-15 20:00:00,7.3075142499500005
2020-03-15 21:00:00,7.235950249925
2020-03-15 22:00:00,39.40018999995
2020-03-15 23:00:00,30.258639999975
2020-03-16 00:00:00,3.6789542499750003
2020-03-16 01:00:00,4.300528249975
2020-03-16 02:00:00,4.89276874995
2020-03-16 03:00:00,3.576247499975
2020-03-16 04:00:00,8.204115249925
2020-03-16 05:00:00,8.106238999950001
2020-03-16 06:00:00,9.972708499974999
2020-03-16 07:00:00,10.506262499975
2020-03-16 08:00:00,5.200934999975001
2020-03-16 09:00:00,0.0
2020-03-16 10:00:00,0.0
2020-03-16 11:00:00,0.0
2020-03-16 12:00:00,0.0
2020-03-16 13:00:00,1.4705624999749998
2020-03-16 14:00:00,0.696682999925
2020-03-16 15:00:00,0.0259835
2020-03-16 16:00:00,0.5755705000000001
2020-03-16 17:00:00,2.871755749925
2020-03-16 18:00:00,5.7813039998999995
2020-03-16 19:00:00,6.073273249975
2020-03-16 20:00:00,8.983216249925
2020-03-16 21:00:00,19.177827499975
2020-03-16 22:00:00,30.512039999924998
2020-03-16 23:00:00,36.272374999975
2020-03-17 00:00:00,32.88672999994999
2020-03-17 01:00:00,27.937837499975
2020-03-17 02:00:00,22.103282499975002
2020-03-17 03:00:00,26.038364999975
2020-03-17 04:00:00,15.898499999975002
2020-03-17 05:00:00,8.525517499975
2020-03-17 06:00:00,6.549929499925
2020-03-17 07:00:00,10.03572099995
2020-03-17 08:00:00,19.7781024999
2020-03-17 09:00:00,19.714317499975
2020-03-17 10:00:00,22.3910975
2020-03-17 11:00:00,31.68528749995
2020-03-17 12:00:00,37.776544999975
2020-03-17 13:00:00,35.360004999975004
2020-03-17 14:00:00,35.577274999924995
2020-03-17 15:00:00,43.46207999995
2020-03-17 16:00:00,50.2010475
2020-03-17 17:00:00,48.98818999997499
2020-03-17 18:00:00,43.860477499925
2020-03-17 19:00:00,28.565739999924997
2020-03-17 20:00:00,6.150416749974999
2020-03-17 21:00:00,0.22371699995
2020-03-17 22:00:00,0.0
2020-03-17 23:00:00,9.67110549995
2020-03-18 00:00:00,16.140931749950003
2020-03-18 01:00:00,6.669059499975
2020-03-18 02:00:00,0.753432249975
2020-03-18 03:00:00,1.9357335
2020-03-18 04:00:00,6.093087499975
2020-03-18 05:00:00,11.802366249975
2020-03-18 06:00:00,23.571647499975
2020-03-18 07:00:00,33.38309749995
2020-03-18 08:00:00,27.730139999949998
2020-03-18 09:00:00,15.008787499975
2020-03-18 10:00:00,15.864542499950002
2020-03-18 11:00:00,21.074029999974996
2020-03-18 12:00:00,23.099947499949998
2020-03-18 13:00:00,25.528257499975
2020-03-18 14:00:00,27.07713749995
2020-03-18 15:00:00,26.83393499995
2020-03-18 16:00:00,27.624847499924996
2020-03-18 17:00:00,40.165292499975
2020-03-18 18:00:00,23.56092749995
2020-03-18 19:00:00,7.451857249974999
2020-03-18 20:00:00,12.341371999949999
2020-03-18 21:00:00,23.59716
2020-03-18 22:00:00,29.139652499949996
2020-03-18 23:00:00,25.7542325
2020-03-19 00:00:00,32.46835749995
2020-03-19 01:00:00,30.671512500000002
2020-03-19 02:00:00,24.907219999949998
2020-03-19 03:00:00,26.160679999924994
2020-03-19 04:00:00,26.249784999924998
2020-03-19 05:00:00,26.201287499974995
2020-03-19 06:00:00,23.099037499974997
2020-03-19 07:00:00,20.017129999974998
2020-03-19 08:00:00,28.6454625
2020-03-19 09:00:00,24.094907499975
2020-03-19 10:00:00,16.272147499975002
2020-03-19 11:00:00,14.96358249995
2020-03-19 12:00:00,16.909022499975
2020-03-19 13:00:00,12.125774999975
2020-03-19 14:00:00,12.239594999999998
2020-03-19 15:00:00,20.857054999949998
2020-03-19 16:00:00,18.128479999975003
2020-03-19 17:00:00,21.95536749995
2020-03-19 18:00:00,21.150257499949998
2020-03-19 19:00:00,10.54667575
2020-03-19 20:00:00,19.900649999925
2020-03-19 21:00:00,19.770724999975
2020-03-19 22:00:00,14.17998999995
2020-03-19 23:00:00,9.1888382499
2020-03-20 00:00:00,6.00181574995
2020-03-20 01:00:00,16.880904999974998
2020-03-20 02:00:00,17.7454225
2020-03-20 03:00:00,28.635312499949997
2020-03-20 04:00:00,49.830264999975
2020-03-20 05:00:00,49.053777499975
2020-03-20 06:00:00,51.67032499995
2020-03-20 07:00:00,52.54940250000001
2020-03-20 08:00:00,46.803324999975004
2020-03-20 09:00:00,29.463845
2020-03-20 10:00:00,40.167684999924994
2020-03-20 11:00:00,51.573974999949996
2020-03-20 12:00:00,51.932629999899994
2020-03-20 13:00:00,51.209372499975
2020-03-20 14:00:00,48.393472499975
2020-03-20 15:00:00,39.351882499975005
2020-03-20 16:00:00,36.92632499995
2020-03-20 17:00:00,41.30784249995
2020-03-20 18:00:00,37.11564249995
2020-03-20 19:00:00,26.29029
2020-03-20 20:00:00,19.437127499975
2020-03-20 21:00:00,18.127112499949998
2020-03-20 22:00:00,15.319307499975
2020-03-20 23:00:00,13.009179999975
2020-03-21 00:00:00,14.332554999949998
2020-03-21 01:00:00,8.110291499999999
2020-03-21 02:00:00,8.51387275
2020-03-21 03:00:00,9.25989749995
2020-03-21 04:00:00,14.458314999950002
2020-03-21 05:00:00,16.693654999975
2020-03-21 06:00:00,16.184382499975
2020-03-21 07:00:00,8.8610905
2020-03-21 08:00:00,12.739462999975
2020-03-21 09:00:00,21.650807499975
2020-03-21 10:00:00,12.329240999925002
2020-03-21 11:00:00,11.820184999999999
2020-03-21 12:00:00,17.67552749995
2020-03-21 13:00:00,9.02179124995
2020-03-21 14:00:00,4.07475449995
2020-03-21 15:00:00,6.439289999974999
2020-03-21 16:00:00,1.2544325
2020-03-21 17:00:00,3.21628499995
2020-03-21 18:00:00,2.92831424995
2020-03-21 19:00:00,2.022141999975
2020-03-21 20:00:00,0.0
2020-03-21 21:00:00,0.014385249999999999
2020-03-21 22:00:00,1.0807004999749998
2020-03-21 23:00:00,0.9292114999500001
